Timestamp;2T1 [ḞC];2Q1 [pH];2S1 [1/min];2X1 [Ncm];2T4 [ḞC];2F1.1 [L/h];2F1.2 [L];2X11F1 [L];2X11Q1 [V% O2];2X11Q2 [V% CO2];2X11Q3 [V% CH4];2X11Q4 [ppm H2S];2V1;2V2;2R1;2H1;2L1;2P2;2P3;2P4;2P5;2V30+;2V31;Start Probenahme;Analysis time
17.10.2023 12:14:00;0.00;0.00;0.00;0.00;0.00;0.00;0.00;0.00;0.00;0.00;0.00;0.00;0.00;0.00;0.00;0.00;0.00;0.00;0.00;0.00;0.00;0.00;0.00;01.01.1904 01:00:00;01.01.1904 01:00:00
17.10.2023 12:15:00;0.00;0.00;0.00;0.00;0.00;0.00;0.00;0.00;0.00;0.00;0.00;0.00;0.00;0.00;0.00;0.00;0.00;0.00;0.00;0.00;0.00;0.00;0.00;01.01.1904 01:00:00;01.01.1904 01:00:00
17.10.2023 12:16:00;15.76;7.50;0.00;0.00;16.80;0.00;0.00;0.00;0.00;0.00;0.00;0.00;0.00;0.00;0.00;0.00;0.00;0.00;0.00;0.00;0.00;0.00;0.00;01.01.2000 00:00:00;01.01.1970 00:00:00
17.10.2023 12:17:00;15.77;7.50;0.00;0.00;16.80;0.00;0.00;0.00;0.00;0.00;0.00;0.00;0.00;0.00;0.00;0.00;0.00;0.00;0.00;0.00;0.00;0.00;0.00;01.01.2000 00:00:00;01.01.1970 00:00:00
17.10.2023 12:18:00;15.81;7.55;0.00;0.00;16.80;0.00;0.00;0.00;0.00;0.00;0.00;0.00;0.00;0.00;0.00;0.00;0.00;0.00;0.00;0.00;0.00;0.00;0.00;01.01.2000 00:00:00;01.01.1970 00:00:00
17.10.2023 12:19:00;15.82;7.50;0.00;0.00;16.80;0.00;0.00;0.00;0.00;0.00;0.00;0.00;0.00;0.00;0.00;0.00;0.00;0.00;0.00;0.00;0.00;0.00;0.00;01.01.2000 00:00:00;01.01.1970 00:00:00
17.10.2023 12:20:00;15.84;7.55;0.00;0.00;16.80;0.00;0.00;0.00;0.00;0.00;0.00;0.00;0.00;0.00;0.00;0.00;0.00;0.00;0.00;0.00;0.00;0.00;0.00;01.01.2000 00:00:00;01.01.1970 00:00:00
17.10.2023 12:21:01;15.86;7.55;0.00;0.00;16.90;0.00;0.00;0.00;0.00;0.00;0.00;0.00;0.00;0.00;0.00;0.00;0.00;0.00;0.00;0.00;0.00;0.00;0.00;01.01.2000 00:00:00;01.01.1970 00:00:00
17.10.2023 12:22:01;15.89;7.48;0.00;0.00;16.90;0.00;0.00;0.00;0.00;0.00;0.00;0.00;0.00;0.00;0.00;0.00;0.00;0.00;0.00;0.00;0.00;0.00;0.00;01.01.2000 00:00:00;01.01.1970 00:00:00
17.10.2023 12:23:01;15.89;7.51;0.00;0.00;16.90;0.00;0.00;0.00;0.00;0.00;0.00;0.00;0.00;0.00;0.00;0.00;0.00;0.00;0.00;0.00;0.00;0.00;0.00;01.01.2000 00:00:00;01.01.1970 00:00:00
17.10.2023 12:24:01;15.92;7.47;0.00;0.00;16.90;0.00;0.00;0.00;0.00;0.00;0.00;0.00;0.00;0.00;0.00;0.00;0.00;0.00;0.00;0.00;0.00;0.00;0.00;01.01.2000 00:00:00;01.01.1970 00:00:00
17.10.2023 12:25:01;15.94;7.50;0.00;0.00;16.90;0.00;0.00;0.00;0.00;0.00;0.00;0.00;0.00;0.00;0.00;0.00;0.00;0.00;0.00;0.00;0.00;0.00;0.00;01.01.2000 00:00:00;01.01.1970 00:00:00
17.10.2023 12:26:01;15.95;7.41;0.00;0.00;16.90;0.00;0.00;0.00;0.00;0.00;0.00;0.00;0.00;0.00;0.00;0.00;0.00;0.00;0.00;0.00;0.00;0.00;0.00;01.01.2000 00:00:00;01.01.1970 00:00:00
17.10.2023 12:27:01;15.97;7.46;0.00;0.00;16.90;0.00;0.00;0.00;0.00;0.00;0.00;0.00;0.00;0.00;0.00;0.00;0.00;0.00;0.00;0.00;0.00;0.00;0.00;01.01.2000 00:00:00;01.01.1970 00:00:00
17.10.2023 12:28:01;15.98;7.38;0.00;0.00;16.90;0.00;0.00;0.00;0.00;0.00;0.00;0.00;0.00;0.00;0.00;0.00;0.00;0.00;0.00;0.00;0.00;0.00;0.00;01.01.2000 00:00:00;01.01.1970 00:00:00
17.10.2023 12:29:01;16.00;7.38;0.00;0.00;17.00;0.00;0.00;0.00;0.00;0.00;0.00;0.00;0.00;0.00;0.00;0.00;0.00;0.00;0.00;0.00;0.00;0.00;0.00;01.01.2000 00:00:00;01.01.1970 00:00:00
17.10.2023 12:30:02;16.02;7.36;0.00;0.00;17.00;0.00;0.00;0.00;0.00;0.00;0.00;0.00;0.00;0.00;0.00;0.00;0.00;0.00;0.00;0.00;0.00;0.00;0.00;01.01.2000 00:00:00;01.01.1970 00:00:00
17.10.2023 12:31:02;16.04;7.41;0.00;0.00;17.00;0.00;0.00;0.00;0.00;0.00;0.00;0.00;0.00;0.00;0.00;0.00;0.00;0.00;0.00;0.00;0.00;0.00;0.00;01.01.2000 00:00:00;01.01.1970 00:00:00
17.10.2023 12:32:02;16.07;6.60;0.00;0.00;17.00;0.00;0.00;0.00;0.00;0.00;0.00;0.00;0.00;0.00;0.00;0.00;0.00;0.00;0.00;0.00;0.00;0.00;0.00;01.01.2000 00:00:00;01.01.1970 00:00:00
17.10.2023 12:33:02;16.07;6.63;0.00;0.00;17.00;0.00;0.00;0.00;0.00;0.00;0.00;0.00;0.00;0.00;0.00;0.00;0.00;0.00;0.00;0.00;0.00;0.00;0.00;01.01.2000 00:00:00;01.01.1970 00:00:00
17.10.2023 12:34:02;16.09;6.82;0.00;0.00;17.00;0.00;0.00;0.00;0.00;0.00;0.00;0.00;0.00;0.00;0.00;0.00;0.00;0.00;0.00;0.00;0.00;0.00;0.00;01.01.2000 00:00:00;01.01.1970 00:00:00
17.10.2023 12:35:02;16.12;7.04;0.00;0.00;17.10;0.00;0.00;0.00;0.00;0.00;0.00;0.00;0.00;0.00;0.00;0.00;0.00;0.00;0.00;0.00;0.00;0.00;0.00;01.01.2000 00:00:00;01.01.1970 00:00:00
17.10.2023 12:36:02;16.13;6.38;0.00;0.00;17.10;0.00;0.00;0.00;0.00;0.00;0.00;0.00;0.00;0.00;0.00;0.00;0.00;0.00;0.00;0.00;0.00;0.00;0.00;01.01.2000 00:00:00;01.01.1970 00:00:00
17.10.2023 12:37:02;16.15;6.68;0.00;0.00;17.10;0.00;0.00;0.00;0.00;0.00;0.00;0.00;0.00;0.00;0.00;0.00;0.00;0.00;0.00;0.00;0.00;0.00;0.00;01.01.2000 00:00:00;01.01.1970 00:00:00
17.10.2023 12:38:02;16.16;6.45;0.00;0.00;17.10;0.00;0.00;0.00;0.00;0.00;0.00;0.00;0.00;0.00;0.00;0.00;0.00;0.00;0.00;0.00;0.00;0.00;0.00;01.01.2000 00:00:00;01.01.1970 00:00:00
17.10.2023 12:39:02;16.19;6.74;0.00;0.00;17.10;0.00;0.00;0.00;0.00;0.00;0.00;0.00;0.00;0.00;0.00;0.00;0.00;0.00;0.00;0.00;0.00;0.00;0.00;01.01.2000 00:00:00;01.01.1970 00:00:00
17.10.2023 12:40:03;16.21;6.65;0.00;0.00;17.20;0.00;0.00;0.00;0.00;0.00;0.00;0.00;0.00;0.00;0.00;0.00;0.00;0.00;0.00;0.00;0.00;0.00;0.00;01.01.2000 00:00:00;01.01.1970 00:00:00
17.10.2023 12:41:03;16.23;6.65;0.00;0.00;17.20;0.00;0.00;0.00;0.00;0.00;0.00;0.00;0.00;0.00;0.00;0.00;0.00;0.00;0.00;0.00;0.00;0.00;0.00;01.01.2000 00:00:00;01.01.1970 00:00:00
17.10.2023 12:42:03;16.25;6.85;0.00;0.00;17.20;0.00;0.00;0.00;0.00;0.00;0.00;0.00;0.00;0.00;0.00;0.00;0.00;0.00;0.00;0.00;0.00;0.00;0.00;01.01.2000 00:00:00;01.01.1970 00:00:00
17.10.2023 12:43:03;16.29;6.87;0.00;0.00;17.20;0.00;0.00;0.00;0.00;0.00;0.00;0.00;0.00;0.00;0.00;0.00;0.00;0.00;0.00;0.00;0.00;0.00;0.00;01.01.2000 00:00:00;01.01.1970 00:00:00
17.10.2023 12:44:03;16.31;6.75;0.00;0.00;17.20;0.00;0.00;0.00;0.00;0.00;0.00;0.00;0.00;0.00;0.00;0.00;0.00;0.00;0.00;0.00;0.00;0.00;0.00;01.01.2000 00:00:00;01.01.1970 00:00:00
17.10.2023 12:45:03;16.32;6.60;0.00;0.00;17.30;0.00;0.00;0.00;0.00;0.00;0.00;0.00;0.00;0.00;0.00;0.00;0.00;0.00;0.00;0.00;0.00;0.00;0.00;01.01.2000 00:00:00;01.01.1970 00:00:00
17.10.2023 12:46:03;16.35;6.85;0.00;0.00;17.30;0.00;0.00;0.00;0.00;0.00;0.00;0.00;0.00;0.00;0.00;0.00;0.00;0.00;0.00;0.00;0.00;0.00;0.00;01.01.2000 00:00:00;01.01.1970 00:00:00
17.10.2023 12:47:03;16.36;6.94;0.00;0.00;17.30;0.00;0.00;0.00;0.00;0.00;0.00;0.00;0.00;0.00;0.00;0.00;0.00;0.00;0.00;0.00;0.00;0.00;0.00;01.01.2000 00:00:00;01.01.1970 00:00:00
17.10.2023 12:48:03;16.39;6.94;0.00;0.00;17.30;0.00;0.00;0.00;0.00;0.00;0.00;0.00;0.00;0.00;0.00;0.00;0.00;0.00;0.00;0.00;0.00;0.00;0.00;01.01.2000 00:00:00;01.01.1970 00:00:00
17.10.2023 12:49:04;16.42;6.57;0.00;0.00;17.30;0.00;0.00;0.00;0.00;0.00;0.00;0.00;0.00;0.00;0.00;0.00;0.00;0.00;0.00;0.00;0.00;0.00;0.00;01.01.2000 00:00:00;01.01.1970 00:00:00
17.10.2023 12:50:04;16.43;6.34;0.00;0.00;17.40;0.00;0.00;0.00;0.00;0.00;0.00;0.00;0.00;0.00;0.00;0.00;0.00;0.00;0.00;0.00;0.00;0.00;0.00;01.01.2000 00:00:00;01.01.1970 00:00:00
17.10.2023 12:51:04;16.47;3.92;0.00;0.00;17.40;0.00;0.00;0.00;0.00;0.00;0.00;0.00;0.00;0.00;0.00;0.00;0.00;0.00;0.00;0.00;0.00;0.00;0.00;01.01.2000 00:00:00;01.01.1970 00:00:00
17.10.2023 12:52:04;16.47;4.61;0.00;0.00;17.40;0.00;0.00;0.00;0.00;0.00;0.00;0.00;0.00;0.00;0.00;0.00;0.00;0.00;0.00;0.00;0.00;0.00;0.00;01.01.2000 00:00:00;01.01.1970 00:00:00
17.10.2023 12:53:04;16.52;5.42;0.00;0.00;17.40;0.00;0.00;0.00;0.00;0.00;0.00;0.00;0.00;0.00;0.00;0.00;0.00;0.00;0.00;0.00;0.00;0.00;0.00;01.01.2000 00:00:00;01.01.1970 00:00:00
17.10.2023 12:54:04;16.52;6.15;0.00;0.00;17.40;0.00;0.00;0.00;0.00;0.00;0.00;0.00;0.00;0.00;0.00;0.00;0.00;0.00;0.00;0.00;0.00;0.00;0.00;01.01.2000 00:00:00;01.01.1970 00:00:00
17.10.2023 12:55:04;16.57;6.24;0.00;0.00;17.50;0.00;0.00;0.00;0.00;0.00;0.00;0.00;0.00;0.00;0.00;0.00;0.00;0.00;0.00;0.00;0.00;0.00;0.00;01.01.2000 00:00:00;01.01.1970 00:00:00
17.10.2023 12:56:04;16.59;6.37;0.00;0.00;17.50;0.00;0.00;0.00;0.00;0.00;0.00;0.00;0.00;0.00;0.00;0.00;0.00;0.00;0.00;0.00;0.00;0.00;0.00;01.01.2000 00:00:00;01.01.1970 00:00:00
17.10.2023 12:57:04;16.62;7.23;0.00;0.00;17.50;0.00;0.00;0.00;0.00;0.00;0.00;0.00;1.00;0.00;0.00;0.00;0.00;0.00;0.00;1.00;0.00;0.00;0.00;01.01.2000 00:00:00;01.01.1970 00:00:00
17.10.2023 12:58:04;16.62;6.95;0.00;0.00;17.50;0.00;0.00;0.00;0.00;0.00;0.00;0.00;1.00;0.00;0.00;0.00;0.00;0.00;0.00;1.00;0.00;0.00;0.00;01.01.2000 00:00:00;01.01.1970 00:00:00
17.10.2023 12:59:05;16.62;6.81;0.00;0.00;17.50;0.00;0.00;0.00;0.00;0.00;0.00;0.00;1.00;0.00;0.00;0.00;0.00;0.00;0.00;1.00;0.00;0.00;0.00;01.01.2000 00:00:00;01.01.1970 00:00:00
17.10.2023 13:00:05;16.66;6.79;0.00;0.00;17.60;0.00;0.00;0.00;0.00;0.00;0.00;0.00;1.00;0.00;0.00;0.00;0.00;0.00;0.00;1.00;0.00;0.00;0.00;01.01.2000 00:00:00;01.01.1970 00:00:00
17.10.2023 13:01:05;16.68;6.62;0.00;0.00;17.60;0.00;0.00;0.00;0.00;0.00;0.00;0.00;1.00;0.00;0.00;0.00;0.00;0.00;0.00;1.00;0.00;0.00;0.00;01.01.2000 00:00:00;01.01.1970 00:00:00
17.10.2023 13:02:05;16.70;6.57;0.00;0.00;17.60;0.00;0.00;0.00;0.00;0.00;0.00;0.00;1.00;0.00;0.00;0.00;0.00;0.00;0.00;1.00;0.00;0.00;0.00;01.01.2000 00:00:00;01.01.1970 00:00:00
17.10.2023 13:03:05;16.74;6.50;0.00;0.00;17.60;0.00;0.00;0.00;0.00;0.00;0.00;0.00;1.00;0.00;0.00;0.00;0.00;0.00;0.00;1.00;0.00;0.00;0.00;01.01.2000 00:00:00;01.01.1970 00:00:00
17.10.2023 13:04:05;16.77;6.53;0.00;0.00;17.60;0.00;0.00;0.00;0.00;0.00;0.00;0.00;1.00;0.00;0.00;0.00;0.00;0.00;0.00;1.00;0.00;0.00;0.00;01.01.2000 00:00:00;01.01.1970 00:00:00
17.10.2023 13:05:05;16.81;6.49;0.00;0.00;17.70;0.00;0.00;0.00;0.00;0.00;0.00;0.00;1.00;0.00;0.00;0.00;0.00;0.00;0.00;1.00;0.00;0.00;0.00;01.01.2000 00:00:00;01.01.1970 00:00:00
17.10.2023 13:06:05;16.86;6.49;0.00;0.00;17.70;0.00;0.00;0.00;0.00;0.00;0.00;0.00;1.00;0.00;0.00;0.00;0.00;0.00;0.00;0.00;0.00;0.00;0.00;01.01.2000 00:00:00;01.01.1970 00:00:00
17.10.2023 13:07:06;16.88;6.45;0.00;0.00;17.70;0.00;0.00;0.00;0.00;0.00;0.00;0.00;1.00;0.00;0.00;0.00;0.00;0.00;0.00;0.00;0.00;0.00;0.00;01.01.2000 00:00:00;01.01.1970 00:00:00
17.10.2023 13:08:06;16.91;6.42;0.00;0.00;17.80;0.00;0.00;0.00;0.00;0.00;0.00;0.00;1.00;0.00;0.00;0.00;0.00;0.00;0.00;0.00;0.00;0.00;0.00;01.01.2000 00:00:00;01.01.1970 00:00:00
17.10.2023 13:09:06;16.95;6.41;0.00;0.00;17.80;0.00;0.00;0.00;0.00;0.00;0.00;0.00;1.00;0.00;0.00;0.00;0.00;0.00;0.00;0.00;0.00;0.00;0.00;01.01.2000 00:00:00;01.01.1970 00:00:00
17.10.2023 13:10:06;16.99;6.34;0.00;0.00;17.80;0.00;0.00;0.00;0.00;0.00;0.00;0.00;1.00;0.00;0.00;0.00;0.00;0.00;0.00;0.00;0.00;0.00;0.00;01.01.2000 00:00:00;01.01.1970 00:00:00
17.10.2023 13:11:06;17.01;6.38;0.00;0.00;17.80;0.00;0.00;0.00;0.00;0.00;0.00;0.00;1.00;0.00;0.00;0.00;0.00;0.00;0.00;0.00;0.00;0.00;0.00;01.01.2000 00:00:00;01.01.1970 00:00:00
17.10.2023 13:12:06;17.04;6.34;0.00;0.00;17.90;0.00;0.00;0.00;0.00;0.00;0.00;0.00;1.00;0.00;0.00;0.00;0.00;0.00;0.00;0.00;0.00;0.00;0.00;01.01.2000 00:00:00;01.01.1970 00:00:00
17.10.2023 13:13:06;17.07;6.25;0.00;0.00;17.90;0.00;0.00;0.00;0.00;0.00;0.00;0.00;1.00;0.00;0.00;0.00;0.00;0.00;0.00;0.00;0.00;0.00;0.00;01.01.2000 00:00:00;01.01.1970 00:00:00
17.10.2023 13:14:06;17.11;6.32;0.00;0.00;17.90;0.00;0.00;0.00;0.00;0.00;0.00;0.00;1.00;0.00;0.00;0.00;0.00;0.00;0.00;0.00;0.00;0.00;0.00;01.01.2000 00:00:00;01.01.1970 00:00:00
17.10.2023 13:15:06;17.12;6.25;0.00;0.00;17.90;0.00;0.00;0.00;0.00;0.00;0.00;0.00;1.00;0.00;0.00;0.00;0.00;0.00;0.00;0.00;0.00;0.00;0.00;01.01.2000 00:00:00;01.01.1970 00:00:00
17.10.2023 13:16:06;17.14;6.21;0.00;0.00;18.00;0.00;0.00;0.00;0.00;0.00;0.00;0.00;1.00;0.00;0.00;0.00;0.00;0.00;0.00;0.00;0.00;0.00;0.00;01.01.2000 00:00:00;01.01.1970 00:00:00
17.10.2023 13:17:07;17.17;6.24;0.00;0.00;18.00;0.00;0.00;0.00;0.00;0.00;0.00;0.00;1.00;0.00;0.00;0.00;0.00;0.00;0.00;0.00;0.00;0.00;0.00;01.01.2000 00:00:00;01.01.1970 00:00:00
17.10.2023 13:18:07;17.19;6.20;0.00;0.00;18.00;0.00;0.00;0.00;0.00;0.00;0.00;0.00;1.00;0.00;0.00;0.00;0.00;0.00;0.00;0.00;0.00;0.00;0.00;01.01.2000 00:00:00;01.01.1970 00:00:00
17.10.2023 13:19:07;17.20;6.09;0.00;0.00;18.00;0.00;0.00;0.00;0.00;0.00;0.00;0.00;1.00;0.00;0.00;0.00;0.00;0.00;0.00;0.00;0.00;0.00;0.00;01.01.2000 00:00:00;01.01.1970 00:00:00
17.10.2023 13:20:07;17.23;6.16;0.00;0.00;18.10;0.00;0.00;0.00;0.00;0.00;0.00;0.00;1.00;0.00;0.00;0.00;0.00;0.00;0.00;0.00;0.00;0.00;0.00;01.01.2000 00:00:00;01.01.1970 00:00:00
17.10.2023 13:21:07;17.24;6.23;0.00;0.00;18.10;0.00;0.00;0.00;0.00;0.00;0.00;0.00;1.00;0.00;0.00;0.00;0.00;0.00;0.00;0.00;0.00;0.00;0.00;01.01.2000 00:00:00;01.01.1970 00:00:00
17.10.2023 13:22:07;17.27;6.11;0.00;0.00;18.10;0.00;0.00;0.00;0.00;0.00;0.00;0.00;1.00;0.00;0.00;0.00;0.00;0.00;0.00;0.00;0.00;0.00;0.00;01.01.2000 00:00:00;01.01.1970 00:00:00
17.10.2023 13:23:07;17.29;6.21;0.00;0.00;18.10;0.00;0.00;0.00;0.00;0.00;0.00;0.00;1.00;0.00;0.00;0.00;0.00;0.00;0.00;0.00;0.00;0.00;0.00;01.01.2000 00:00:00;01.01.1970 00:00:00
17.10.2023 13:24:07;17.32;6.16;0.00;0.00;18.10;0.00;0.00;0.00;0.00;0.00;0.00;0.00;1.00;0.00;0.00;0.00;0.00;0.00;0.00;0.00;0.00;0.00;0.00;01.01.2000 00:00:00;01.01.1970 00:00:00
17.10.2023 13:25:07;17.34;6.09;0.00;0.00;18.20;0.00;0.00;0.00;0.00;0.00;0.00;0.00;1.00;0.00;0.00;0.00;0.00;0.00;0.00;0.00;0.00;0.00;0.00;01.01.2000 00:00:00;01.01.1970 00:00:00
17.10.2023 13:26:08;17.37;6.09;0.00;0.00;18.20;0.00;0.00;0.00;0.00;0.00;0.00;0.00;1.00;0.00;0.00;0.00;0.00;0.00;0.00;0.00;0.00;0.00;0.00;01.01.2000 00:00:00;01.01.1970 00:00:00
17.10.2023 13:27:08;17.37;6.07;0.00;0.00;18.20;0.00;0.00;0.00;0.00;0.00;0.00;0.00;1.00;0.00;0.00;0.00;0.00;0.00;0.00;0.00;0.00;0.00;0.00;01.01.2000 00:00:00;01.01.1970 00:00:00
17.10.2023 13:28:08;17.41;6.02;0.00;0.00;18.20;0.00;0.00;0.00;0.00;0.00;0.00;0.00;1.00;0.00;0.00;0.00;0.00;0.00;0.00;0.00;0.00;0.00;0.00;01.01.2000 00:00:00;01.01.1970 00:00:00
17.10.2023 13:29:08;17.44;6.08;0.00;0.00;18.20;0.00;0.00;0.00;0.00;0.00;0.00;0.00;1.00;0.00;0.00;0.00;0.00;0.00;0.00;0.00;0.00;0.00;0.00;01.01.2000 00:00:00;01.01.1970 00:00:00
17.10.2023 13:30:08;17.44;6.14;0.00;0.00;18.30;0.00;0.00;0.00;0.00;0.00;0.00;0.00;1.00;0.00;0.00;0.00;0.00;0.00;0.00;0.00;0.00;0.00;0.00;01.01.2000 00:00:00;01.01.1970 00:00:00
17.10.2023 13:31:08;17.47;6.09;0.00;0.00;18.30;0.00;0.00;0.00;0.00;0.00;0.00;0.00;1.00;0.00;0.00;0.00;0.00;0.00;0.00;0.00;0.00;0.00;0.00;01.01.2000 00:00:00;01.01.1970 00:00:00
17.10.2023 13:32:08;17.49;6.12;0.00;0.00;18.30;0.00;0.00;0.00;0.00;0.00;0.00;0.00;1.00;0.00;0.00;0.00;0.00;0.00;0.00;0.00;0.00;0.00;0.00;01.01.2000 00:00:00;01.01.1970 00:00:00
17.10.2023 13:33:08;17.50;6.02;0.00;0.00;18.30;0.00;0.00;0.00;0.00;0.00;0.00;0.00;1.00;0.00;0.00;0.00;0.00;0.00;0.00;0.00;0.00;0.00;0.00;01.01.2000 00:00:00;01.01.1970 00:00:00
17.10.2023 13:34:08;17.52;6.02;0.00;0.00;18.40;0.00;0.00;0.00;0.00;0.00;0.00;0.00;1.00;0.00;0.00;0.00;0.00;0.00;0.00;0.00;0.00;0.00;0.00;01.01.2000 00:00:00;01.01.1970 00:00:00
17.10.2023 13:35:09;17.54;6.01;0.00;0.00;18.40;0.00;0.00;0.00;0.00;0.00;0.00;0.00;1.00;0.00;0.00;0.00;0.00;0.00;0.00;0.00;0.00;0.00;0.00;01.01.2000 00:00:00;01.01.1970 00:00:00
17.10.2023 13:36:09;17.57;6.00;0.00;0.00;18.40;0.00;0.00;0.00;0.00;0.00;0.00;0.00;1.00;0.00;0.00;0.00;0.00;0.00;0.00;0.00;0.00;0.00;0.00;01.01.2000 00:00:00;01.01.1970 00:00:00
17.10.2023 13:37:09;17.59;6.04;0.00;0.00;18.40;0.00;0.00;0.00;0.00;0.00;0.00;0.00;1.00;0.00;0.00;0.00;0.00;0.00;0.00;0.00;0.00;0.00;0.00;01.01.2000 00:00:00;01.01.1970 00:00:00
17.10.2023 13:38:09;17.61;5.97;0.00;0.00;18.40;0.00;0.00;0.00;0.00;0.00;0.00;0.00;1.00;0.00;0.00;0.00;0.00;0.00;0.00;0.00;0.00;0.00;0.00;01.01.2000 00:00:00;01.01.1970 00:00:00
17.10.2023 13:39:09;17.61;5.97;0.00;0.00;18.50;0.00;0.00;0.00;0.00;0.00;0.00;0.00;1.00;0.00;0.00;0.00;0.00;0.00;0.00;0.00;0.00;0.00;0.00;01.01.2000 00:00:00;01.01.1970 00:00:00
17.10.2023 13:40:09;17.63;5.96;0.00;0.00;18.50;0.00;0.00;0.00;0.00;0.00;0.00;0.00;1.00;0.00;0.00;0.00;0.00;0.00;0.00;0.00;0.00;0.00;0.00;01.01.2000 00:00:00;01.01.1970 00:00:00
17.10.2023 13:41:09;17.66;5.98;0.00;0.00;18.50;0.00;0.00;0.00;0.00;0.00;0.00;0.00;1.00;0.00;0.00;0.00;0.00;0.00;0.00;0.00;0.00;0.00;0.00;01.01.2000 00:00:00;01.01.1970 00:00:00
17.10.2023 13:42:09;17.67;5.97;0.00;0.00;18.50;0.00;0.00;0.00;0.00;0.00;0.00;0.00;1.00;0.00;0.00;0.00;0.00;0.00;0.00;0.00;0.00;0.00;0.00;01.01.2000 00:00:00;01.01.1970 00:00:00
17.10.2023 13:43:09;17.68;6.03;0.00;0.00;18.50;0.00;0.00;0.00;0.00;0.00;0.00;0.00;1.00;0.00;0.00;0.00;0.00;0.00;0.00;0.00;0.00;0.00;0.00;01.01.2000 00:00:00;01.01.1970 00:00:00
17.10.2023 13:44:09;17.71;6.03;0.00;0.00;18.50;0.00;0.00;0.00;0.00;0.00;0.00;0.00;1.00;0.00;0.00;0.00;0.00;0.00;0.00;0.00;0.00;0.00;0.00;01.01.2000 00:00:00;01.01.1970 00:00:00
17.10.2023 13:45:10;17.71;5.93;0.00;0.00;18.60;0.00;0.00;0.00;0.00;0.00;0.00;0.00;1.00;0.00;0.00;0.00;0.00;0.00;0.00;0.00;0.00;0.00;0.00;01.01.2000 00:00:00;01.01.1970 00:00:00
17.10.2023 13:46:10;17.74;6.03;0.00;0.00;18.60;0.00;0.00;0.00;0.00;0.00;0.00;0.00;1.00;0.00;0.00;0.00;0.00;0.00;0.00;0.00;0.00;0.00;0.00;01.01.2000 00:00:00;01.01.1970 00:00:00
17.10.2023 13:47:10;17.77;5.92;0.00;0.00;18.60;0.00;0.00;0.00;0.00;0.00;0.00;0.00;1.00;0.00;0.00;0.00;0.00;0.00;0.00;0.00;0.00;0.00;0.00;01.01.2000 00:00:00;01.01.1970 00:00:00
17.10.2023 13:48:10;17.77;5.93;0.00;0.00;18.60;0.00;0.00;0.00;0.00;0.00;0.00;0.00;1.00;0.00;0.00;0.00;0.00;0.00;0.00;0.00;0.00;0.00;0.00;01.01.2000 00:00:00;01.01.1970 00:00:00
17.10.2023 13:49:10;17.78;5.91;0.00;0.00;18.60;0.00;0.00;0.00;0.00;0.00;0.00;0.00;1.00;0.00;0.00;0.00;0.00;0.00;0.00;0.00;0.00;0.00;0.00;01.01.2000 00:00:00;01.01.1970 00:00:00
17.10.2023 13:50:10;17.81;5.95;0.00;0.00;18.60;0.00;0.00;0.00;0.00;0.00;0.00;0.00;1.00;0.00;0.00;0.00;0.00;0.00;0.00;0.00;0.00;0.00;0.00;01.01.2000 00:00:00;01.01.1970 00:00:00
17.10.2023 13:51:10;17.81;5.94;0.00;0.00;18.70;0.00;0.00;0.00;0.00;0.00;0.00;0.00;1.00;0.00;0.00;0.00;0.00;0.00;0.00;0.00;0.00;0.00;0.00;01.01.2000 00:00:00;01.01.1970 00:00:00
17.10.2023 13:52:10;17.85;5.98;0.00;0.00;18.70;0.00;0.00;0.00;0.00;0.00;0.00;0.00;1.00;0.00;0.00;0.00;0.00;0.00;0.00;0.00;0.00;0.00;0.00;01.01.2000 00:00:00;01.01.1970 00:00:00
17.10.2023 13:53:10;17.85;5.96;0.00;0.00;18.70;0.00;0.00;0.00;0.00;0.00;0.00;0.00;1.00;0.00;0.00;0.00;0.00;0.00;0.00;0.00;0.00;0.00;0.00;01.01.2000 00:00:00;01.01.1970 00:00:00
17.10.2023 13:54:10;17.85;5.86;0.00;0.00;18.70;0.00;0.00;0.00;0.00;0.00;0.00;0.00;1.00;0.00;0.00;0.00;0.00;0.00;0.00;0.00;0.00;0.00;0.00;01.01.2000 00:00:00;01.01.1970 00:00:00
17.10.2023 13:55:11;17.87;5.94;0.00;0.00;18.70;0.00;0.00;0.00;0.00;0.00;0.00;0.00;1.00;0.00;0.00;0.00;0.00;0.00;0.00;0.00;0.00;0.00;0.00;01.01.2000 00:00:00;01.01.1970 00:00:00
17.10.2023 13:56:11;17.88;5.89;0.00;0.00;18.70;0.00;0.00;0.00;0.00;0.00;0.00;0.00;1.00;0.00;0.00;0.00;0.00;0.00;0.00;0.00;0.00;0.00;0.00;01.01.2000 00:00:00;01.01.1970 00:00:00
17.10.2023 13:57:11;17.91;5.96;0.00;0.00;18.70;0.00;0.00;0.00;0.00;0.00;0.00;0.00;1.00;0.00;0.00;0.00;0.00;0.00;0.00;0.00;0.00;0.00;0.00;01.01.2000 00:00:00;01.01.1970 00:00:00
17.10.2023 13:58:11;17.91;5.88;0.00;0.00;18.80;0.00;0.00;0.00;0.00;0.00;0.00;0.00;1.00;0.00;0.00;0.00;0.00;0.00;0.00;0.00;0.00;0.00;0.00;01.01.2000 00:00:00;01.01.1970 00:00:00
17.10.2023 13:59:11;17.94;5.84;0.00;0.00;18.80;0.00;0.00;0.00;0.00;0.00;0.00;0.00;1.00;0.00;0.00;0.00;0.00;0.00;0.00;0.00;0.00;0.00;0.00;01.01.2000 00:00:00;01.01.1970 00:00:00
17.10.2023 14:00:11;17.94;5.87;0.00;0.00;18.80;0.00;0.00;0.00;0.00;0.00;0.00;0.00;1.00;0.00;0.00;0.00;0.00;0.00;0.00;0.00;0.00;0.00;0.00;01.01.2000 00:00:00;01.01.1970 00:00:00
17.10.2023 14:01:11;17.97;5.86;0.00;0.00;18.80;0.00;0.00;0.00;0.00;0.00;0.00;0.00;1.00;0.00;0.00;0.00;0.00;0.00;0.00;0.00;0.00;0.00;0.00;01.01.2000 00:00:00;01.01.1970 00:00:00
17.10.2023 14:02:11;17.97;5.85;0.00;0.00;18.80;0.00;0.00;0.00;0.00;0.00;0.00;0.00;1.00;0.00;0.00;0.00;0.00;0.00;0.00;0.00;0.00;0.00;0.00;01.01.2000 00:00:00;01.01.1970 00:00:00
17.10.2023 14:03:11;17.99;5.91;0.00;0.00;18.80;0.00;0.00;0.00;0.00;0.00;0.00;0.00;1.00;0.00;0.00;0.00;0.00;0.00;0.00;0.00;0.00;0.00;0.00;01.01.2000 00:00:00;01.01.1970 00:00:00
17.10.2023 14:04:11;18.00;5.92;0.00;0.00;18.80;0.00;0.00;0.00;0.00;0.00;0.00;0.00;1.00;0.00;0.00;0.00;0.00;0.00;0.00;0.00;0.00;0.00;0.00;01.01.2000 00:00:00;01.01.1970 00:00:00
17.10.2023 14:05:12;18.02;5.91;0.00;0.00;18.90;0.00;0.00;0.00;0.00;0.00;0.00;0.00;1.00;0.00;0.00;0.00;0.00;0.00;0.00;0.00;0.00;0.00;0.00;01.01.2000 00:00:00;01.01.1970 00:00:00
17.10.2023 14:06:12;18.04;5.92;0.00;0.00;18.90;0.00;0.00;0.00;0.00;0.00;0.00;0.00;1.00;0.00;0.00;0.00;0.00;0.00;0.00;0.00;0.00;0.00;0.00;01.01.2000 00:00:00;01.01.1970 00:00:00
17.10.2023 14:07:12;18.04;5.81;0.00;0.00;18.90;0.00;0.00;0.00;0.00;0.00;0.00;0.00;1.00;0.00;0.00;0.00;0.00;0.00;0.00;0.00;0.00;0.00;0.00;01.01.2000 00:00:00;01.01.1970 00:00:00
17.10.2023 14:08:12;18.06;5.92;0.00;0.00;18.90;0.00;0.00;0.00;0.00;0.00;0.00;0.00;1.00;0.00;0.00;0.00;0.00;0.00;0.00;0.00;0.00;0.00;0.00;01.01.2000 00:00:00;01.01.1970 00:00:00
17.10.2023 14:09:12;18.07;5.89;0.00;0.00;18.90;0.00;0.00;0.00;0.00;0.00;0.00;0.00;1.00;0.00;0.00;0.00;0.00;0.00;0.00;0.00;0.00;0.00;0.00;01.01.2000 00:00:00;01.01.1970 00:00:00
17.10.2023 14:10:12;18.08;5.84;0.00;0.00;18.90;0.00;0.00;0.00;0.00;0.00;0.00;0.00;1.00;0.00;0.00;0.00;0.00;0.00;0.00;0.00;0.00;0.00;0.00;01.01.2000 00:00:00;01.01.1970 00:00:00
17.10.2023 14:11:12;18.11;5.80;0.00;0.00;18.90;0.00;0.00;0.00;0.00;0.00;0.00;0.00;1.00;0.00;0.00;0.00;0.00;0.00;0.00;0.00;0.00;0.00;0.00;01.01.2000 00:00:00;01.01.1970 00:00:00
17.10.2023 14:12:12;18.11;5.79;0.00;0.00;18.90;0.00;0.00;0.00;0.00;0.00;0.00;0.00;1.00;0.00;0.00;0.00;0.00;0.00;0.00;0.00;0.00;0.00;0.00;01.01.2000 00:00:00;01.01.1970 00:00:00
17.10.2023 14:13:12;18.13;5.79;0.00;0.00;19.00;0.00;0.00;0.00;0.00;0.00;0.00;0.00;1.00;0.00;0.00;0.00;0.00;0.00;0.00;0.00;0.00;0.00;0.00;01.01.2000 00:00:00;01.01.1970 00:00:00
17.10.2023 14:14:12;18.14;5.89;0.00;0.00;19.00;0.00;0.00;0.00;0.00;0.00;0.00;0.00;1.00;0.00;0.00;0.00;0.00;0.00;0.00;0.00;0.00;0.00;0.00;01.01.2000 00:00:00;01.01.1970 00:00:00
17.10.2023 14:15:13;18.16;5.86;0.00;0.00;19.00;0.00;0.00;0.00;0.00;0.00;0.00;0.00;1.00;0.00;0.00;0.00;0.00;0.00;0.00;0.00;0.00;0.00;0.00;01.01.2000 00:00:00;01.01.1970 00:00:00
17.10.2023 14:16:13;18.17;5.79;0.00;0.00;19.00;0.00;0.00;0.00;0.00;0.00;0.00;0.00;1.00;0.00;0.00;0.00;0.00;0.00;0.00;0.00;0.00;0.00;0.00;01.01.2000 00:00:00;01.01.1970 00:00:00
17.10.2023 14:17:13;18.20;5.84;0.00;0.00;19.00;0.00;0.00;0.00;0.00;0.00;0.00;0.00;1.00;0.00;0.00;0.00;0.00;0.00;0.00;0.00;0.00;0.00;0.00;01.01.2000 00:00:00;01.01.1970 00:00:00
17.10.2023 14:18:13;18.19;5.88;0.00;0.00;19.00;0.00;0.00;0.00;0.00;0.00;0.00;0.00;1.00;0.00;0.00;0.00;0.00;0.00;0.00;0.00;0.00;0.00;0.00;01.01.2000 00:00:00;01.01.1970 00:00:00
17.10.2023 14:19:13;18.21;5.81;0.00;0.00;19.00;0.00;0.00;0.00;0.00;0.00;0.00;0.00;1.00;0.00;0.00;0.00;0.00;0.00;0.00;0.00;0.00;0.00;0.00;01.01.2000 00:00:00;01.01.1970 00:00:00
17.10.2023 14:20:13;18.22;5.84;0.00;0.00;19.10;0.00;0.00;0.00;0.00;0.00;0.00;0.00;1.00;0.00;0.00;0.00;0.00;0.00;0.00;0.00;0.00;0.00;0.00;01.01.2000 00:00:00;01.01.1970 00:00:00
17.10.2023 14:21:13;18.25;5.85;0.00;0.00;19.10;0.00;0.00;0.00;0.00;0.00;0.00;0.00;1.00;0.00;0.00;0.00;0.00;0.00;0.00;0.00;0.00;0.00;0.00;01.01.2000 00:00:00;01.01.1970 00:00:00
17.10.2023 14:22:13;18.24;5.85;0.00;0.00;19.10;0.00;0.00;0.00;0.00;0.00;0.00;0.00;1.00;0.00;0.00;0.00;0.00;0.00;0.00;0.00;0.00;0.00;0.00;01.01.2000 00:00:00;01.01.1970 00:00:00
17.10.2023 14:23:13;18.27;5.76;0.00;0.00;19.10;0.00;0.00;0.00;0.00;0.00;0.00;0.00;1.00;0.00;0.00;0.00;0.00;0.00;0.00;0.00;0.00;0.00;0.00;01.01.2000 00:00:00;01.01.1970 00:00:00
17.10.2023 14:24:13;18.27;5.75;0.00;0.00;19.10;0.00;0.00;0.00;0.00;0.00;0.00;0.00;1.00;0.00;0.00;0.00;0.00;0.00;0.00;0.00;0.00;0.00;0.00;01.01.2000 00:00:00;01.01.1970 00:00:00
17.10.2023 14:25:14;18.28;5.81;0.00;0.00;19.10;0.00;0.00;0.00;0.00;0.00;0.00;0.00;1.00;0.00;0.00;0.00;0.00;0.00;0.00;0.00;0.00;0.00;0.00;01.01.2000 00:00:00;01.01.1970 00:00:00
17.10.2023 14:26:14;18.31;5.83;0.00;0.00;19.10;0.00;0.00;0.00;0.00;0.00;0.00;0.00;1.00;0.00;0.00;0.00;0.00;0.00;0.00;0.00;0.00;0.00;0.00;01.01.2000 00:00:00;01.01.1970 00:00:00
17.10.2023 14:27:14;18.31;5.84;0.00;0.00;19.20;0.00;0.00;0.00;0.00;0.00;0.00;0.00;1.00;0.00;0.00;0.00;0.00;0.00;0.00;0.00;0.00;0.00;0.00;01.01.2000 00:00:00;01.01.1970 00:00:00
17.10.2023 14:28:14;18.32;5.81;0.00;0.00;19.20;0.00;0.00;0.00;0.00;0.00;0.00;0.00;1.00;0.00;0.00;0.00;0.00;0.00;0.00;0.00;0.00;0.00;0.00;01.01.2000 00:00:00;01.01.1970 00:00:00
17.10.2023 14:29:14;18.35;5.85;0.00;0.00;19.20;0.00;0.00;0.00;0.00;0.00;0.00;0.00;1.00;0.00;0.00;0.00;0.00;0.00;0.00;0.00;0.00;0.00;0.00;01.01.2000 00:00:00;01.01.1970 00:00:00
17.10.2023 14:30:14;18.37;5.84;0.00;0.00;19.20;0.00;0.00;0.00;0.00;0.00;0.00;0.00;1.00;0.00;0.00;0.00;0.00;0.00;0.00;0.00;0.00;0.00;0.00;01.01.2000 00:00:00;01.01.1970 00:00:00
17.10.2023 14:31:14;18.38;5.83;0.00;0.00;19.20;0.00;0.00;0.00;0.00;0.00;0.00;0.00;1.00;0.00;0.00;0.00;0.00;0.00;0.00;0.00;0.00;0.00;0.00;01.01.2000 00:00:00;01.01.1970 00:00:00
17.10.2023 14:32:14;18.38;5.83;0.00;0.00;19.20;0.00;0.00;0.00;0.00;0.00;0.00;0.00;1.00;0.00;0.00;0.00;0.00;0.00;0.00;0.00;0.00;0.00;0.00;01.01.2000 00:00:00;01.01.1970 00:00:00
17.10.2023 14:33:14;18.38;5.74;0.00;0.00;19.20;0.00;0.00;0.00;0.00;0.00;0.00;0.00;1.00;0.00;0.00;0.00;0.00;0.00;0.00;0.00;0.00;0.00;0.00;01.01.2000 00:00:00;01.01.1970 00:00:00
17.10.2023 14:34:14;18.40;5.84;0.00;0.00;19.20;0.00;0.00;0.00;0.00;0.00;0.00;0.00;1.00;0.00;0.00;0.00;0.00;0.00;0.00;0.00;0.00;0.00;0.00;01.01.2000 00:00:00;01.01.1970 00:00:00
17.10.2023 14:35:15;18.41;5.75;0.00;0.00;19.30;0.00;0.00;0.00;0.00;0.00;0.00;0.00;1.00;0.00;0.00;0.00;0.00;0.00;0.00;0.00;0.00;0.00;0.00;01.01.2000 00:00:00;01.01.1970 00:00:00
17.10.2023 14:36:15;18.44;5.83;0.00;0.00;19.30;0.00;0.00;0.00;0.00;0.00;0.00;0.00;1.00;0.00;0.00;0.00;0.00;0.00;0.00;0.00;0.00;0.00;0.00;01.01.2000 00:00:00;01.01.1970 00:00:00
17.10.2023 14:37:15;18.44;5.73;0.00;0.00;19.30;0.00;0.00;0.00;0.00;0.00;0.00;0.00;1.00;0.00;0.00;0.00;0.00;0.00;0.00;0.00;0.00;0.00;0.00;01.01.2000 00:00:00;01.01.1970 00:00:00
17.10.2023 14:38:15;18.46;5.79;0.00;0.00;19.30;0.00;0.00;0.00;0.00;0.00;0.00;0.00;1.00;0.00;0.00;0.00;0.00;0.00;0.00;0.00;0.00;0.00;0.00;01.01.2000 00:00:00;01.01.1970 00:00:00
17.10.2023 14:39:15;18.46;5.81;0.00;0.00;19.30;0.00;0.00;0.00;0.00;0.00;0.00;0.00;1.00;0.00;0.00;0.00;0.00;0.00;0.00;0.00;0.00;0.00;0.00;01.01.2000 00:00:00;01.01.1970 00:00:00
17.10.2023 14:40:15;18.49;5.72;0.00;0.00;19.30;0.00;0.00;0.00;0.00;0.00;0.00;0.00;1.00;0.00;0.00;0.00;0.00;0.00;0.00;0.00;0.00;0.00;0.00;01.01.2000 00:00:00;01.01.1970 00:00:00
17.10.2023 14:41:15;0.00;0.00;0.00;0.00;0.00;0.00;0.00;0.00;0.00;0.00;0.00;0.00;0.00;0.00;0.00;0.00;0.00;0.00;0.00;0.00;0.00;0.00;0.00;01.01.1904 01:00:00;01.01.1904 01:00:00
17.10.2023 14:42:15;0.00;0.00;0.00;0.00;0.00;0.00;0.00;0.00;0.00;0.00;0.00;0.00;0.00;0.00;0.00;0.00;0.00;0.00;0.00;0.00;0.00;0.00;0.00;01.01.1904 01:00:00;01.01.1904 01:00:00
17.10.2023 14:43:15;0.00;0.00;0.00;0.00;0.00;0.00;0.00;0.00;0.00;0.00;0.00;0.00;0.00;0.00;0.00;0.00;0.00;0.00;0.00;0.00;0.00;0.00;0.00;01.01.1904 01:00:00;01.01.1904 01:00:00
17.10.2023 14:44:15;0.00;0.00;0.00;0.00;0.00;0.00;0.00;0.00;0.00;0.00;0.00;0.00;0.00;0.00;0.00;0.00;0.00;0.00;0.00;0.00;0.00;0.00;0.00;01.01.1904 01:00:00;01.01.1904 01:00:00
17.10.2023 14:45:16;0.00;0.00;0.00;0.00;0.00;0.00;0.00;0.00;0.00;0.00;0.00;0.00;0.00;0.00;0.00;0.00;0.00;0.00;0.00;0.00;0.00;0.00;0.00;01.01.1904 01:00:00;01.01.1904 01:00:00
17.10.2023 14:46:16;0.00;0.00;0.00;0.00;0.00;0.00;0.00;0.00;0.00;0.00;0.00;0.00;0.00;0.00;0.00;0.00;0.00;0.00;0.00;0.00;0.00;0.00;0.00;01.01.1904 01:00:00;01.01.1904 01:00:00
17.10.2023 14:47:16;0.00;0.00;0.00;0.00;0.00;0.00;0.00;0.00;0.00;0.00;0.00;0.00;0.00;0.00;0.00;0.00;0.00;0.00;0.00;0.00;0.00;0.00;0.00;01.01.1904 01:00:00;01.01.1904 01:00:00
17.10.2023 14:48:16;0.00;0.00;0.00;0.00;0.00;0.00;0.00;0.00;0.00;0.00;0.00;0.00;0.00;0.00;0.00;0.00;0.00;0.00;0.00;0.00;0.00;0.00;0.00;01.01.1904 01:00:00;01.01.1904 01:00:00
17.10.2023 14:49:16;0.00;0.00;0.00;0.00;0.00;0.00;0.00;0.00;0.00;0.00;0.00;0.00;0.00;0.00;0.00;0.00;0.00;0.00;0.00;0.00;0.00;0.00;0.00;01.01.1904 01:00:00;01.01.1904 01:00:00
17.10.2023 14:50:16;0.00;0.00;0.00;0.00;0.00;0.00;0.00;0.00;0.00;0.00;0.00;0.00;0.00;0.00;0.00;0.00;0.00;0.00;0.00;0.00;0.00;0.00;0.00;01.01.1904 01:00:00;01.01.1904 01:00:00
17.10.2023 14:51:16;0.00;0.00;0.00;0.00;0.00;0.00;0.00;0.00;0.00;0.00;0.00;0.00;0.00;0.00;0.00;0.00;0.00;0.00;0.00;0.00;0.00;0.00;0.00;01.01.1904 01:00:00;01.01.1904 01:00:00
17.10.2023 14:52:16;0.00;0.00;0.00;0.00;0.00;0.00;0.00;0.00;0.00;0.00;0.00;0.00;0.00;0.00;0.00;0.00;0.00;0.00;0.00;0.00;0.00;0.00;0.00;01.01.1904 01:00:00;01.01.1904 01:00:00
17.10.2023 14:53:16;0.00;0.00;0.00;0.00;0.00;0.00;0.00;0.00;0.00;0.00;0.00;0.00;0.00;0.00;0.00;0.00;0.00;0.00;0.00;0.00;0.00;0.00;0.00;01.01.1904 01:00:00;01.01.1904 01:00:00
17.10.2023 14:54:16;0.00;0.00;0.00;0.00;0.00;0.00;0.00;0.00;0.00;0.00;0.00;0.00;0.00;0.00;0.00;0.00;0.00;0.00;0.00;0.00;0.00;0.00;0.00;01.01.1904 01:00:00;01.01.1904 01:00:00
17.10.2023 14:55:17;0.00;0.00;0.00;0.00;0.00;0.00;0.00;0.00;0.00;0.00;0.00;0.00;0.00;0.00;0.00;0.00;0.00;0.00;0.00;0.00;0.00;0.00;0.00;01.01.1904 01:00:00;01.01.1904 01:00:00
17.10.2023 14:56:17;0.00;0.00;0.00;0.00;0.00;0.00;0.00;0.00;0.00;0.00;0.00;0.00;0.00;0.00;0.00;0.00;0.00;0.00;0.00;0.00;0.00;0.00;0.00;01.01.1904 01:00:00;01.01.1904 01:00:00
17.10.2023 14:57:17;0.00;0.00;0.00;0.00;0.00;0.00;0.00;0.00;0.00;0.00;0.00;0.00;0.00;0.00;0.00;0.00;0.00;0.00;0.00;0.00;0.00;0.00;0.00;01.01.1904 01:00:00;01.01.1904 01:00:00
17.10.2023 14:58:17;0.00;0.00;0.00;0.00;0.00;0.00;0.00;0.00;0.00;0.00;0.00;0.00;0.00;0.00;0.00;0.00;0.00;0.00;0.00;0.00;0.00;0.00;0.00;01.01.1904 01:00:00;01.01.1904 01:00:00
17.10.2023 14:59:17;0.00;0.00;0.00;0.00;0.00;0.00;0.00;0.00;0.00;0.00;0.00;0.00;0.00;0.00;0.00;0.00;0.00;0.00;0.00;0.00;0.00;0.00;0.00;01.01.1904 01:00:00;01.01.1904 01:00:00
17.10.2023 15:00:17;0.00;0.00;0.00;0.00;0.00;0.00;0.00;0.00;0.00;0.00;0.00;0.00;0.00;0.00;0.00;0.00;0.00;0.00;0.00;0.00;0.00;0.00;0.00;01.01.1904 01:00:00;01.01.1904 01:00:00
17.10.2023 15:01:17;0.00;0.00;0.00;0.00;0.00;0.00;0.00;0.00;0.00;0.00;0.00;0.00;0.00;0.00;0.00;0.00;0.00;0.00;0.00;0.00;0.00;0.00;0.00;01.01.1904 01:00:00;01.01.1904 01:00:00
17.10.2023 15:02:17;0.00;0.00;0.00;0.00;0.00;0.00;0.00;0.00;0.00;0.00;0.00;0.00;0.00;0.00;0.00;0.00;0.00;0.00;0.00;0.00;0.00;0.00;0.00;01.01.1904 01:00:00;01.01.1904 01:00:00
17.10.2023 15:03:17;0.00;0.00;0.00;0.00;0.00;0.00;0.00;0.00;0.00;0.00;0.00;0.00;0.00;0.00;0.00;0.00;0.00;0.00;0.00;0.00;0.00;0.00;0.00;01.01.1904 01:00:00;01.01.1904 01:00:00
17.10.2023 15:04:18;0.00;0.00;0.00;0.00;0.00;0.00;0.00;0.00;0.00;0.00;0.00;0.00;0.00;0.00;0.00;0.00;0.00;0.00;0.00;0.00;0.00;0.00;0.00;01.01.1904 01:00:00;01.01.1904 01:00:00
17.10.2023 15:05:18;18.79;6.95;0.00;0.00;19.60;0.00;0.00;0.00;0.00;0.00;0.00;0.00;0.00;0.00;0.00;0.00;0.00;0.00;0.00;0.00;0.00;0.00;0.00;01.01.2000 00:00:00;01.01.1970 00:00:00
17.10.2023 15:06:18;18.84;6.82;0.00;0.00;19.60;0.00;0.00;0.00;0.00;0.00;0.00;0.00;0.00;0.00;0.00;0.00;0.00;0.00;0.00;0.00;0.00;0.00;0.00;01.01.2000 00:00:00;01.01.1970 00:00:00
17.10.2023 15:07:18;18.85;6.79;0.00;0.00;19.60;0.00;0.00;0.00;0.00;0.00;0.00;0.00;0.00;0.00;0.00;0.00;0.00;0.00;0.00;0.00;0.00;0.00;0.00;01.01.2000 00:00:00;01.01.1970 00:00:00
17.10.2023 15:08:18;18.86;6.71;0.00;0.00;19.70;0.00;0.00;0.00;0.00;0.00;0.00;0.00;0.00;0.00;0.00;0.00;0.00;0.00;0.00;0.00;0.00;0.00;0.00;01.01.2000 00:00:00;01.01.1970 00:00:00
17.10.2023 15:09:18;18.87;6.65;0.00;0.00;19.70;0.00;0.00;0.00;0.00;0.00;0.00;0.00;0.00;0.00;0.00;0.00;0.00;0.00;0.00;0.00;0.00;0.00;0.00;01.01.2000 00:00:00;01.01.1970 00:00:00
17.10.2023 15:10:18;18.89;6.57;0.00;0.00;19.70;0.00;0.00;0.00;0.00;0.00;0.00;0.00;0.00;0.00;0.00;0.00;0.00;0.00;0.00;0.00;0.00;0.00;0.00;01.01.2000 00:00:00;01.01.1970 00:00:00
17.10.2023 15:11:18;18.89;6.54;0.00;0.00;19.70;0.00;0.00;0.00;0.00;0.00;0.00;0.00;0.00;0.00;0.00;0.00;0.00;0.00;0.00;0.00;0.00;0.00;0.00;01.01.2000 00:00:00;01.01.1970 00:00:00
17.10.2023 15:12:18;18.91;6.47;0.00;0.00;19.70;0.00;0.00;0.00;0.00;0.00;0.00;0.00;0.00;0.00;0.00;0.00;0.00;0.00;0.00;0.00;0.00;0.00;0.00;01.01.2000 00:00:00;01.01.1970 00:00:00
17.10.2023 15:13:18;18.92;6.51;0.00;0.00;19.70;0.00;0.00;0.00;0.00;0.00;0.00;0.00;0.00;0.00;0.00;0.00;0.00;0.00;0.00;0.00;0.00;0.00;0.00;01.01.2000 00:00:00;01.01.1970 00:00:00
17.10.2023 15:14:19;18.93;6.40;0.00;0.00;19.70;0.00;0.00;0.00;0.00;0.00;0.00;0.00;0.00;0.00;0.00;0.00;0.00;0.00;0.00;0.00;0.00;0.00;0.00;01.01.2000 00:00:00;01.01.1970 00:00:00
17.10.2023 15:15:19;18.95;6.43;0.00;0.00;19.70;0.00;0.00;0.00;0.00;0.00;0.00;0.00;0.00;0.00;0.00;0.00;0.00;0.00;0.00;0.00;0.00;0.00;0.00;01.01.2000 00:00:00;01.01.1970 00:00:00
17.10.2023 15:16:19;18.96;6.34;0.00;0.00;19.70;0.00;0.00;0.00;0.00;0.00;0.00;0.00;0.00;0.00;0.00;0.00;0.00;0.00;0.00;0.00;0.00;0.00;0.00;01.01.2000 00:00:00;01.01.1970 00:00:00
17.10.2023 15:17:19;18.97;6.36;0.00;0.00;19.70;0.00;0.00;0.00;0.00;0.00;0.00;0.00;0.00;0.00;0.00;0.00;0.00;0.00;0.00;0.00;0.00;0.00;0.00;01.01.2000 00:00:00;01.01.1970 00:00:00
17.10.2023 15:18:19;18.98;6.32;0.00;0.00;19.80;0.00;0.00;0.00;0.00;0.00;0.00;0.00;0.00;0.00;0.00;0.00;0.00;0.00;0.00;0.00;0.00;0.00;0.00;01.01.2000 00:00:00;01.01.1970 00:00:00
17.10.2023 15:19:19;18.98;6.33;0.00;0.00;19.80;0.00;0.00;0.00;0.00;0.00;0.00;0.00;0.00;0.00;0.00;0.00;0.00;0.00;0.00;0.00;0.00;0.00;0.00;01.01.2000 00:00:00;01.01.1970 00:00:00
17.10.2023 15:20:19;18.99;6.32;0.00;0.00;19.80;0.00;0.00;0.00;0.00;0.00;0.00;0.00;0.00;0.00;0.00;0.00;0.00;0.00;0.00;0.00;0.00;0.00;0.00;01.01.2000 00:00:00;01.01.1970 00:00:00
17.10.2023 15:21:19;19.01;6.25;0.00;0.00;19.80;0.00;0.00;0.00;0.00;0.00;0.00;0.00;0.00;0.00;0.00;0.00;0.00;0.00;0.00;0.00;0.00;0.00;0.00;01.01.2000 00:00:00;01.01.1970 00:00:00
17.10.2023 15:22:19;19.02;6.24;0.00;0.00;19.80;0.00;0.00;0.00;0.00;0.00;0.00;0.00;0.00;0.00;0.00;0.00;0.00;0.00;0.00;0.00;0.00;0.00;0.00;01.01.2000 00:00:00;01.01.1970 00:00:00
17.10.2023 15:23:20;19.03;6.19;0.00;0.00;19.80;0.00;0.00;0.00;0.00;0.00;0.00;0.00;0.00;0.00;0.00;0.00;0.00;0.00;0.00;0.00;0.00;0.00;0.00;01.01.2000 00:00:00;01.01.1970 00:00:00
17.10.2023 15:24:20;19.05;6.25;0.00;0.00;19.80;0.00;0.00;0.00;0.00;0.00;0.00;0.00;0.00;0.00;0.00;0.00;0.00;0.00;0.00;0.00;0.00;0.00;0.00;01.01.2000 00:00:00;01.01.1970 00:00:00
17.10.2023 15:25:20;18.80;6.16;0.00;0.00;19.80;10.20;0.28;0.00;0.00;0.00;0.00;0.00;1.00;0.00;0.00;0.00;0.00;0.00;0.00;0.00;0.00;0.00;0.00;17.10.2023 14:25:15;01.01.1970 00:00:00
17.10.2023 15:26:20;18.67;6.12;0.00;0.00;19.80;32.85;0.74;0.46;0.00;0.00;0.00;0.00;1.00;0.00;0.00;0.00;0.00;0.00;0.00;0.00;0.00;0.00;0.00;17.10.2023 14:25:15;01.01.1970 00:00:00
17.10.2023 15:27:20;18.80;6.12;0.00;0.00;19.90;4.05;0.79;0.52;0.00;0.00;0.00;0.00;1.00;0.00;0.00;0.00;0.00;0.00;0.00;0.00;0.00;0.00;0.00;17.10.2023 14:25:15;01.01.1970 00:00:00
17.10.2023 15:28:20;18.90;6.10;0.00;0.00;19.90;0.60;0.80;0.52;0.00;0.00;0.00;0.00;1.00;0.00;0.00;0.00;0.00;0.00;0.00;0.00;0.00;0.00;0.00;17.10.2023 14:25:15;01.01.1970 00:00:00
17.10.2023 15:29:20;18.96;6.06;0.00;0.00;19.90;0.30;0.81;0.53;0.00;0.00;0.00;0.00;1.00;0.00;0.00;0.00;0.00;0.00;0.00;0.00;0.00;0.00;0.00;17.10.2023 14:25:15;01.01.1970 00:00:00
17.10.2023 15:30:20;19.01;6.07;0.00;0.00;19.90;0.00;0.81;0.53;0.00;0.00;0.00;0.00;1.00;0.00;0.00;0.00;0.00;0.00;0.00;0.00;0.00;0.00;0.00;17.10.2023 14:25:15;01.01.1970 00:00:00
17.10.2023 15:31:21;19.03;6.02;0.00;0.00;19.90;0.00;0.00;0.53;0.00;0.00;0.00;0.00;1.00;0.00;0.00;0.00;0.00;0.00;0.00;1.00;0.00;0.00;0.00;17.10.2023 14:25:15;01.01.1970 00:00:00
17.10.2023 15:32:21;19.02;6.08;0.00;0.00;19.90;0.00;0.00;0.53;0.00;0.00;0.00;0.00;1.00;0.00;0.00;0.00;0.00;0.00;0.00;1.00;0.00;0.00;0.00;17.10.2023 14:25:15;01.01.1970 00:00:00
17.10.2023 15:33:21;19.04;6.01;0.00;0.00;19.90;0.00;0.00;0.53;0.00;0.00;0.00;0.00;1.00;0.00;0.00;0.00;0.00;0.00;0.00;1.00;0.00;0.00;0.00;17.10.2023 14:25:15;01.01.1970 00:00:00
17.10.2023 15:34:21;19.05;5.95;0.00;0.00;19.90;0.00;0.00;0.53;0.00;0.00;0.00;0.00;1.00;0.00;0.00;0.00;0.00;0.00;0.00;1.00;0.00;0.00;0.00;17.10.2023 14:25:15;01.01.1970 00:00:00
17.10.2023 15:35:21;19.08;6.03;0.00;0.00;19.90;0.00;0.00;0.53;0.00;0.00;0.00;0.00;0.00;0.00;0.00;0.00;0.00;0.00;0.00;1.00;0.00;0.00;0.00;17.10.2023 14:25:15;01.01.1970 00:00:00
17.10.2023 15:36:21;19.12;5.98;0.00;0.00;19.90;0.00;0.00;0.53;0.00;0.00;0.00;0.00;0.00;0.00;0.00;0.00;0.00;0.00;0.00;1.00;0.00;0.00;0.00;17.10.2023 14:25:15;01.01.1970 00:00:00
17.10.2023 15:37:21;19.13;5.91;0.00;0.00;19.90;0.00;0.00;0.53;0.00;0.00;0.00;0.00;0.00;0.00;0.00;0.00;0.00;0.00;0.00;1.00;0.00;0.00;0.00;17.10.2023 14:25:15;01.01.1970 00:00:00
17.10.2023 15:38:21;19.17;6.01;0.00;0.00;20.00;0.00;0.00;0.53;0.00;0.00;0.00;0.00;0.00;0.00;0.00;0.00;0.00;0.00;0.00;0.00;0.00;0.00;0.00;17.10.2023 14:25:15;01.01.1970 00:00:00
17.10.2023 15:39:21;19.19;6.00;0.00;0.00;20.00;0.00;0.00;0.53;0.00;0.00;0.00;0.00;0.00;0.00;0.00;0.00;0.00;0.00;0.00;0.00;0.00;0.00;0.00;17.10.2023 14:25:15;01.01.1970 00:00:00
17.10.2023 15:40:21;19.21;5.94;0.00;0.00;20.00;0.00;0.00;0.53;0.00;0.00;0.00;0.00;0.00;0.00;0.00;0.00;0.00;0.00;0.00;1.00;0.00;0.00;0.00;17.10.2023 14:25:15;01.01.1970 00:00:00
17.10.2023 15:41:22;19.23;5.99;0.00;0.00;20.00;0.00;0.00;0.53;0.00;0.00;0.00;0.00;0.00;0.00;0.00;0.00;0.00;0.00;0.00;0.00;0.00;0.00;0.00;17.10.2023 14:25:15;01.01.1970 00:00:00
17.10.2023 15:42:22;19.24;5.98;0.00;0.00;20.00;0.00;0.00;0.53;0.00;0.00;0.00;0.00;0.00;0.00;0.00;0.00;0.00;0.00;0.00;0.00;0.00;0.00;0.00;17.10.2023 14:25:15;01.01.1970 00:00:00
17.10.2023 15:43:22;19.26;5.99;0.00;0.00;20.00;0.00;0.00;0.53;0.00;0.00;0.00;0.00;0.00;0.00;0.00;0.00;0.00;0.00;0.00;1.00;0.00;0.00;0.00;17.10.2023 14:25:15;01.01.1970 00:00:00
17.10.2023 15:44:22;19.29;5.96;0.00;0.00;20.00;0.00;0.00;0.53;0.00;0.00;0.00;0.00;0.00;0.00;0.00;0.00;0.00;0.00;0.00;0.00;0.00;0.00;0.00;17.10.2023 14:25:15;01.01.1970 00:00:00
17.10.2023 15:45:22;19.28;5.97;0.00;0.00;20.10;0.00;0.00;0.53;0.00;0.00;0.00;0.00;0.00;0.00;0.00;0.00;0.00;0.00;0.00;1.00;0.00;0.00;0.00;17.10.2023 14:25:15;01.01.1970 00:00:00
17.10.2023 15:46:22;19.29;5.89;0.00;0.00;20.10;0.00;0.00;0.53;0.00;0.00;0.00;0.00;0.00;0.00;0.00;0.00;0.00;0.00;0.00;0.00;0.00;0.00;0.00;17.10.2023 14:25:15;01.01.1970 00:00:00
17.10.2023 15:47:22;19.31;5.94;0.00;0.00;20.10;0.00;0.00;0.53;0.00;0.00;0.00;0.00;0.00;0.00;0.00;0.00;0.00;0.00;0.00;1.00;0.00;0.00;0.00;17.10.2023 14:25:15;01.01.1970 00:00:00
17.10.2023 15:48:22;19.34;5.94;0.00;0.00;20.10;0.00;0.00;0.53;0.00;0.00;0.00;0.00;0.00;0.00;0.00;0.00;0.00;0.00;0.00;0.00;0.00;0.00;0.00;17.10.2023 14:25:15;01.01.1970 00:00:00
17.10.2023 15:49:22;19.36;5.95;0.00;0.00;20.10;0.00;0.00;0.53;0.00;0.00;0.00;0.00;0.00;0.00;0.00;0.00;0.00;0.00;0.00;1.00;0.00;0.00;0.00;17.10.2023 14:25:15;01.01.1970 00:00:00
17.10.2023 15:50:22;19.34;5.84;0.00;0.00;20.10;0.00;0.00;0.53;0.00;0.00;0.00;0.00;0.00;0.00;0.00;0.00;0.00;0.00;0.00;0.00;0.00;0.00;0.00;17.10.2023 14:25:15;01.01.1970 00:00:00
17.10.2023 15:51:23;19.38;5.91;0.00;0.00;20.10;0.00;0.00;0.53;0.00;0.00;0.00;0.00;0.00;0.00;0.00;0.00;0.00;0.00;0.00;0.00;0.00;0.00;0.00;17.10.2023 14:25:15;01.01.1970 00:00:00
17.10.2023 15:52:23;19.38;5.88;0.00;0.00;20.20;0.00;0.00;0.53;0.00;0.00;0.00;0.00;0.00;0.00;0.00;0.00;0.00;0.00;0.00;0.00;0.00;0.00;0.00;17.10.2023 14:25:15;01.01.1970 00:00:00
17.10.2023 15:53:23;19.40;5.86;0.00;0.00;20.20;0.00;0.00;0.53;0.00;0.00;0.00;0.00;0.00;0.00;0.00;0.00;0.00;0.00;0.00;0.00;0.00;0.00;0.00;17.10.2023 14:25:15;01.01.1970 00:00:00
17.10.2023 15:54:23;19.40;5.83;0.00;0.00;20.20;0.00;0.00;0.53;0.00;0.00;0.00;0.00;0.00;0.00;0.00;0.00;0.00;0.00;0.00;1.00;0.00;0.00;0.00;17.10.2023 14:25:15;01.01.1970 00:00:00
17.10.2023 15:55:23;19.38;5.87;0.00;0.00;20.20;0.00;0.00;0.53;0.00;0.00;0.00;0.00;0.00;0.00;0.00;0.00;0.00;0.00;0.00;1.00;0.00;0.00;0.00;17.10.2023 14:25:15;01.01.1970 00:00:00
17.10.2023 15:56:23;19.37;5.77;0.00;0.00;20.20;0.00;0.00;0.53;0.00;0.00;0.00;0.00;0.00;0.00;0.00;0.00;0.00;0.00;0.00;1.00;0.00;0.00;0.00;17.10.2023 14:25:15;01.01.1970 00:00:00
17.10.2023 15:57:23;19.38;5.77;0.00;0.00;20.20;0.00;0.00;0.53;0.00;0.00;0.00;0.00;0.00;0.00;0.00;0.00;0.00;0.00;0.00;1.00;0.00;0.00;0.00;17.10.2023 14:25:15;01.01.1970 00:00:00
17.10.2023 15:58:23;19.40;5.87;0.00;0.00;20.20;0.00;0.00;0.53;0.00;0.00;0.00;0.00;0.00;0.00;0.00;0.00;0.00;0.00;0.00;1.00;0.00;0.00;0.00;17.10.2023 14:25:15;01.01.1970 00:00:00
17.10.2023 15:59:23;19.41;5.83;0.00;0.00;20.30;0.00;0.00;0.53;0.00;0.00;0.00;0.00;0.00;0.00;0.00;0.00;0.00;0.00;0.00;1.00;0.00;0.00;0.00;17.10.2023 14:25:15;01.01.1970 00:00:00
17.10.2023 16:00:23;19.42;5.78;0.00;0.00;20.30;0.00;0.00;0.53;0.00;0.00;0.00;0.00;0.00;0.00;0.00;0.00;0.00;0.00;0.00;1.00;0.00;0.00;0.00;17.10.2023 14:25:15;01.01.1970 00:00:00
17.10.2023 16:01:24;19.44;5.82;0.00;0.00;20.30;0.00;0.00;0.53;0.00;0.00;0.00;0.00;0.00;0.00;0.00;0.00;0.00;0.00;0.00;1.00;0.00;0.00;0.00;17.10.2023 14:25:15;01.01.1970 00:00:00
17.10.2023 16:02:24;19.45;5.77;0.00;0.00;20.30;0.00;0.00;0.53;0.00;0.00;0.00;0.00;0.00;0.00;0.00;0.00;0.00;0.00;0.00;1.00;0.00;0.00;0.00;17.10.2023 14:25:15;01.01.1970 00:00:00
17.10.2023 16:03:24;19.47;5.73;0.00;0.00;20.30;0.00;0.00;0.53;0.00;0.00;0.00;0.00;0.00;0.00;0.00;0.00;0.00;0.00;0.00;1.00;0.00;0.00;0.00;17.10.2023 14:25:15;01.01.1970 00:00:00
17.10.2023 16:04:24;19.48;5.81;0.00;0.00;20.30;0.00;0.00;0.53;0.00;0.00;0.00;0.00;0.00;0.00;0.00;0.00;0.00;0.00;0.00;1.00;0.00;0.00;0.00;17.10.2023 14:25:15;01.01.1970 00:00:00
17.10.2023 16:05:24;19.49;5.83;0.00;0.00;20.30;0.00;0.00;0.53;0.00;0.00;0.00;0.00;0.00;0.00;0.00;0.00;0.00;0.00;0.00;1.00;0.00;0.00;0.00;17.10.2023 14:25:15;01.01.1970 00:00:00
17.10.2023 16:06:24;19.52;5.83;0.00;0.00;20.40;0.00;0.00;0.53;0.00;0.00;0.00;0.00;0.00;0.00;0.00;0.00;0.00;0.00;0.00;1.00;0.00;0.00;0.00;17.10.2023 14:25:15;01.01.1970 00:00:00
17.10.2023 16:07:24;19.54;5.89;0.00;0.00;20.40;0.00;0.00;0.53;0.00;0.00;0.00;0.00;0.00;0.00;0.00;0.00;0.00;0.00;0.00;1.00;0.00;0.00;0.00;17.10.2023 14:25:15;01.01.1970 00:00:00
17.10.2023 16:08:24;19.55;5.86;0.00;0.00;20.40;0.00;0.00;0.53;0.00;0.00;0.00;0.00;0.00;0.00;0.00;0.00;0.00;0.00;0.00;1.00;0.00;0.00;0.00;17.10.2023 14:25:15;01.01.1970 00:00:00
17.10.2023 16:09:24;19.56;5.94;0.00;0.00;20.40;0.00;0.00;0.53;0.00;0.00;0.00;0.00;0.00;0.00;0.00;0.00;0.00;0.00;0.00;1.00;0.00;0.00;0.00;17.10.2023 14:25:15;01.01.1970 00:00:00
17.10.2023 16:10:24;19.60;6.01;0.00;0.00;20.40;0.00;0.00;0.53;0.00;0.00;0.00;0.00;0.00;0.00;0.00;0.00;0.00;0.00;0.00;1.00;0.00;0.00;0.00;17.10.2023 14:25:15;01.01.1970 00:00:00
17.10.2023 16:11:25;19.60;6.01;0.00;0.00;20.40;0.00;0.00;0.53;0.00;0.00;0.00;0.00;0.00;0.00;0.00;0.00;0.00;0.00;0.00;1.00;0.00;0.00;0.00;17.10.2023 14:25:15;01.01.1970 00:00:00
17.10.2023 16:12:25;19.62;5.99;0.00;0.00;20.40;0.00;0.00;0.53;0.00;0.00;0.00;0.00;0.00;0.00;0.00;0.00;0.00;0.00;0.00;1.00;0.00;0.00;0.00;17.10.2023 14:25:15;01.01.1970 00:00:00
17.10.2023 16:13:25;19.64;5.95;0.00;0.00;20.50;0.00;0.00;0.53;0.00;0.00;0.00;0.00;0.00;0.00;0.00;0.00;0.00;0.00;0.00;0.00;0.00;0.00;0.00;17.10.2023 14:25:15;01.01.1970 00:00:00
17.10.2023 16:14:25;19.65;5.94;0.00;0.00;20.50;0.00;0.00;0.53;0.00;0.00;0.00;0.00;0.00;0.00;0.00;0.00;0.00;0.00;0.00;0.00;0.00;0.00;0.00;17.10.2023 14:25:15;01.01.1970 00:00:00
17.10.2023 16:15:25;19.66;5.87;0.00;0.00;20.50;0.00;0.00;0.53;0.00;0.00;0.00;0.00;0.00;0.00;0.00;0.00;0.00;0.00;0.00;0.00;0.00;0.00;0.00;17.10.2023 14:25:15;01.01.1970 00:00:00
17.10.2023 16:16:25;19.69;5.95;0.00;0.00;20.50;0.00;0.00;0.53;0.00;0.00;0.00;0.00;0.00;0.00;0.00;0.00;0.00;0.00;0.00;0.00;0.00;0.00;0.00;17.10.2023 14:25:15;01.01.1970 00:00:00
17.10.2023 16:17:25;19.67;5.86;0.00;0.00;20.50;0.00;0.00;0.53;0.00;0.00;0.00;0.00;0.00;0.00;0.00;0.00;0.00;0.00;0.00;0.00;0.00;0.00;0.00;17.10.2023 14:25:15;01.01.1970 00:00:00
17.10.2023 16:18:25;19.71;5.83;0.00;0.00;20.50;0.00;0.00;0.53;0.00;0.00;0.00;0.00;0.00;0.00;0.00;0.00;0.00;0.00;0.00;0.00;0.00;0.00;0.00;17.10.2023 14:25:15;01.01.1970 00:00:00
17.10.2023 16:19:26;19.71;5.81;0.00;0.00;20.50;0.00;0.00;0.53;0.00;0.00;0.00;0.00;0.00;0.00;0.00;0.00;0.00;0.00;0.00;0.00;0.00;0.00;0.00;17.10.2023 14:25:15;01.01.1970 00:00:00
17.10.2023 16:20:26;19.71;5.90;0.00;0.00;20.50;0.00;0.00;0.53;0.00;0.00;0.00;0.00;0.00;0.00;0.00;0.00;0.00;0.00;0.00;0.00;0.00;0.00;0.00;17.10.2023 14:25:15;01.01.1970 00:00:00
17.10.2023 16:21:26;19.73;5.80;0.00;0.00;20.50;0.00;0.00;0.53;0.00;0.00;0.00;0.00;0.00;0.00;0.00;0.00;0.00;0.00;0.00;0.00;0.00;0.00;0.00;17.10.2023 14:25:15;01.01.1970 00:00:00
17.10.2023 16:22:26;19.73;5.86;0.00;0.00;20.50;0.00;0.00;0.53;0.00;0.00;0.00;0.00;0.00;0.00;0.00;0.00;0.00;0.00;0.00;0.00;0.00;0.00;0.00;17.10.2023 14:25:15;01.01.1970 00:00:00
17.10.2023 16:23:26;19.75;5.78;0.00;0.00;20.50;0.00;0.00;0.53;0.00;0.00;0.00;0.00;0.00;0.00;0.00;0.00;0.00;0.00;0.00;0.00;0.00;0.00;0.00;17.10.2023 14:25:15;01.01.1970 00:00:00
17.10.2023 16:24:26;19.76;5.85;0.00;0.00;20.50;0.00;0.00;0.53;0.00;0.00;0.00;0.00;0.00;0.00;0.00;0.00;0.00;0.00;0.00;0.00;0.00;0.00;0.00;17.10.2023 14:25:15;01.01.1970 00:00:00
17.10.2023 16:25:26;19.77;5.84;0.00;0.00;20.50;0.00;0.00;0.53;0.00;0.00;0.00;0.00;0.00;0.00;0.00;0.00;0.00;0.00;0.00;0.00;0.00;0.00;0.00;17.10.2023 14:25:15;01.01.1970 00:00:00
17.10.2023 16:26:27;19.77;5.77;0.00;0.00;20.60;0.00;0.00;0.53;0.00;0.00;0.00;0.00;0.00;0.00;0.00;0.00;0.00;0.00;0.00;0.00;0.00;0.00;0.00;17.10.2023 14:25:15;01.01.1970 00:00:00
17.10.2023 16:27:27;19.79;5.84;0.00;0.00;20.60;0.00;0.00;0.53;0.00;0.00;0.00;0.00;0.00;0.00;0.00;0.00;0.00;0.00;0.00;0.00;0.00;0.00;0.00;17.10.2023 14:25:15;01.01.1970 00:00:00
17.10.2023 16:28:27;19.79;5.79;0.00;0.00;20.60;0.00;0.00;0.53;0.00;0.00;0.00;0.00;0.00;0.00;0.00;0.00;0.00;0.00;0.00;0.00;0.00;0.00;0.00;17.10.2023 14:25:15;01.01.1970 00:00:00
17.10.2023 16:29:27;19.79;5.81;0.00;0.00;20.60;0.00;0.00;0.53;0.00;0.00;0.00;0.00;0.00;0.00;0.00;0.00;0.00;0.00;0.00;0.00;0.00;0.00;0.00;17.10.2023 14:25:15;01.01.1970 00:00:00
17.10.2023 16:30:27;19.71;5.83;0.00;0.00;20.60;14.40;0.24;0.53;0.00;0.00;0.00;0.00;0.00;0.00;0.00;0.00;0.00;0.00;0.00;0.00;0.00;0.00;0.00;17.10.2023 14:25:15;01.01.1970 00:00:00
17.10.2023 16:31:27;19.76;5.72;0.00;0.00;20.60;0.00;0.24;0.53;0.00;0.00;0.00;0.00;0.00;0.00;0.00;0.00;0.00;0.00;0.00;0.00;0.00;0.00;0.00;17.10.2023 14:25:15;01.01.1970 00:00:00
17.10.2023 16:32:27;19.78;5.72;0.00;0.00;20.60;0.00;0.24;0.53;0.00;0.00;0.00;0.00;0.00;0.00;0.00;0.00;0.00;0.00;0.00;0.00;0.00;0.00;0.00;17.10.2023 14:25:15;01.01.1970 00:00:00
17.10.2023 16:33:28;19.81;5.81;0.00;0.00;20.60;0.00;0.24;0.53;0.00;0.00;0.00;0.00;0.00;0.00;0.00;0.00;0.00;0.00;0.00;0.00;0.00;0.00;0.00;17.10.2023 14:25:15;01.01.1970 00:00:00
17.10.2023 16:34:28;19.83;5.77;0.00;0.00;20.60;0.00;0.24;0.53;0.00;0.00;0.00;0.00;0.00;0.00;0.00;0.00;0.00;0.00;0.00;0.00;0.00;0.00;0.00;17.10.2023 14:25:15;01.01.1970 00:00:00
17.10.2023 16:35:28;19.84;5.80;0.00;0.00;20.60;0.00;0.24;0.53;0.00;0.00;0.00;0.00;0.00;0.00;0.00;0.00;0.00;0.00;0.00;0.00;0.00;0.00;0.00;17.10.2023 14:25:15;01.01.1970 00:00:00
17.10.2023 16:36:28;19.86;5.75;0.00;0.00;20.60;0.00;0.24;0.53;0.00;0.00;0.00;0.00;0.00;0.00;0.00;0.00;0.00;0.00;0.00;0.00;0.00;0.00;0.00;17.10.2023 14:25:15;01.01.1970 00:00:00
17.10.2023 16:37:28;19.86;5.80;0.00;0.00;20.60;0.00;0.24;0.53;0.00;0.00;0.00;0.00;0.00;0.00;0.00;0.00;0.00;0.00;0.00;0.00;0.00;0.00;0.00;17.10.2023 14:25:15;01.01.1970 00:00:00
17.10.2023 16:38:28;19.88;5.75;0.00;0.00;20.60;0.00;0.24;0.53;0.00;0.00;0.00;0.00;0.00;0.00;0.00;0.00;0.00;0.00;0.00;0.00;0.00;0.00;0.00;17.10.2023 14:25:15;01.01.1970 00:00:00
17.10.2023 16:39:28;19.88;5.77;0.00;0.00;20.60;0.00;0.24;0.53;0.00;0.00;0.00;0.00;0.00;0.00;0.00;0.00;0.00;0.00;0.00;0.00;0.00;0.00;0.00;17.10.2023 14:25:15;01.01.1970 00:00:00
17.10.2023 16:40:29;19.64;5.69;0.00;0.00;20.70;23.25;1.33;0.53;0.00;0.00;0.00;0.00;0.00;0.00;0.00;0.00;0.00;0.00;0.00;0.00;0.00;0.00;0.00;17.10.2023 14:25:15;01.01.1970 00:00:00
17.10.2023 16:41:29;19.68;5.69;0.00;0.00;20.60;44.40;1.36;0.53;0.00;0.00;0.00;0.00;0.00;0.00;0.00;0.00;0.00;0.00;0.00;0.00;0.00;0.00;0.00;17.10.2023 14:25:15;01.01.1970 00:00:00
17.10.2023 16:42:29;19.73;5.78;0.00;0.00;20.60;0.00;1.36;0.53;0.00;0.00;0.00;0.00;0.00;0.00;0.00;0.00;0.00;0.00;0.00;0.00;0.00;0.00;0.00;17.10.2023 14:25:15;01.01.1970 00:00:00
17.10.2023 16:43:29;19.79;5.74;0.00;0.00;20.70;0.00;1.37;0.53;0.00;0.00;0.00;0.00;0.00;0.00;0.00;0.00;0.00;0.00;0.00;0.00;0.00;0.00;0.00;17.10.2023 14:25:15;01.01.1970 00:00:00
17.10.2023 16:44:29;19.82;5.77;0.00;0.00;20.70;0.15;1.37;0.53;0.00;0.00;0.00;0.00;0.00;0.00;0.00;0.00;0.00;0.00;0.00;0.00;0.00;0.00;0.00;17.10.2023 14:25:15;01.01.1970 00:00:00
17.10.2023 16:45:29;19.86;5.68;0.00;0.00;20.70;0.00;1.37;0.53;0.00;0.00;0.00;0.00;0.00;0.00;0.00;0.00;0.00;0.00;0.00;0.00;0.00;0.00;0.00;17.10.2023 14:25:15;01.01.1970 00:00:00
17.10.2023 16:46:29;19.89;5.73;0.00;0.00;20.70;0.00;1.37;0.53;0.00;0.00;0.00;0.00;0.00;0.00;0.00;0.00;0.00;0.00;0.00;0.00;0.00;0.00;0.00;17.10.2023 14:25:15;01.01.1970 00:00:00
17.10.2023 16:47:30;19.90;5.74;0.00;0.00;20.70;0.00;1.37;0.53;0.00;0.00;0.00;0.00;0.00;0.00;0.00;0.00;0.00;0.00;0.00;0.00;0.00;0.00;0.00;17.10.2023 14:25:15;01.01.1970 00:00:00
17.10.2023 16:48:30;19.90;5.66;0.00;0.00;20.70;0.00;1.37;0.53;0.00;0.00;0.00;0.00;0.00;0.00;0.00;0.00;0.00;0.00;0.00;0.00;0.00;0.00;0.00;17.10.2023 14:25:15;01.01.1970 00:00:00
17.10.2023 16:49:30;20.00;5.73;0.00;0.00;20.70;0.00;1.37;0.53;0.00;0.00;0.00;0.00;0.00;0.00;0.00;0.00;0.00;0.00;0.00;0.00;0.00;0.00;0.00;17.10.2023 14:25:15;01.01.1970 00:00:00
17.10.2023 16:50:30;23.25;6.54;0.00;0.00;21.30;0.00;1.37;0.53;0.00;0.00;0.00;0.00;0.00;0.00;0.00;0.00;0.00;0.00;0.00;0.00;0.00;0.00;0.00;17.10.2023 14:25:15;01.01.1970 00:00:00
17.10.2023 16:51:30;28.11;7.00;0.00;0.00;22.80;28.65;2.65;0.53;0.00;0.00;0.00;0.00;0.00;0.00;0.00;0.00;0.00;0.00;0.00;0.00;0.00;0.00;0.00;17.10.2023 14:25:15;01.01.1970 00:00:00
17.10.2023 16:52:30;27.31;6.87;0.00;0.00;23.90;82.20;3.22;0.53;0.00;0.00;0.00;0.00;0.00;0.00;0.00;0.00;0.00;0.00;0.00;0.00;0.00;0.00;0.00;17.10.2023 14:25:15;01.01.1970 00:00:00
17.10.2023 16:53:31;26.96;7.27;0.00;0.00;24.60;0.45;3.23;0.53;0.00;0.00;0.00;0.00;0.00;0.00;0.00;0.00;0.00;0.00;0.00;0.00;0.00;0.00;0.00;17.10.2023 14:25:15;01.01.1970 00:00:00
17.10.2023 16:54:31;26.91;7.22;0.00;0.00;25.00;0.75;4.31;0.53;0.00;0.00;0.00;0.00;0.00;0.00;0.00;0.00;0.00;0.00;0.00;0.00;0.00;0.00;0.00;17.10.2023 14:25:15;01.01.1970 00:00:00
17.10.2023 16:55:31;26.86;7.23;0.00;0.00;25.30;160.95;7.24;0.53;0.00;0.00;0.00;0.00;0.00;0.00;0.00;0.00;0.00;0.00;0.00;0.00;0.00;0.00;0.00;17.10.2023 14:25:15;01.01.1970 00:00:00
17.10.2023 16:56:31;26.81;7.25;0.00;0.00;25.50;114.60;8.47;0.53;0.00;0.00;0.00;0.00;0.00;0.00;0.00;0.00;0.00;0.00;0.00;0.00;0.00;0.00;0.00;17.10.2023 14:25:15;01.01.1970 00:00:00
17.10.2023 16:57:31;26.84;7.28;0.00;0.00;25.60;38.25;8.48;0.53;0.00;0.00;0.00;0.00;0.00;0.00;0.00;0.00;0.00;0.00;0.00;0.00;0.00;0.00;0.00;17.10.2023 14:25:15;01.01.1970 00:00:00
17.10.2023 16:58:31;26.76;7.29;0.00;0.00;25.70;0.30;8.48;0.53;0.00;0.00;0.00;0.00;0.00;0.00;0.00;0.00;0.00;0.00;0.00;0.00;0.00;0.00;0.00;17.10.2023 14:25:15;01.01.1970 00:00:00
17.10.2023 16:59:31;26.74;7.32;0.00;0.00;25.80;4.95;9.76;0.53;0.00;0.00;0.00;0.00;0.00;0.00;0.00;0.00;0.00;0.00;0.00;0.00;0.00;0.00;0.00;17.10.2023 14:25:15;01.01.1970 00:00:00
17.10.2023 17:00:31;26.71;7.35;0.00;0.00;25.90;148.20;11.61;0.53;0.00;0.00;0.00;0.00;0.00;0.00;0.00;0.00;0.00;0.00;0.00;0.00;0.00;0.00;0.00;17.10.2023 14:25:15;01.01.1970 00:00:00
17.10.2023 17:01:31;26.71;7.34;0.00;0.00;25.90;36.45;11.62;0.53;0.00;0.00;0.00;0.00;0.00;0.00;0.00;0.00;0.00;0.00;0.00;0.00;0.00;0.00;0.00;17.10.2023 14:25:15;01.01.1970 00:00:00
17.10.2023 17:02:31;26.70;7.34;0.00;0.00;25.90;0.15;11.62;0.53;0.00;0.00;0.00;0.00;0.00;0.00;0.00;0.00;0.00;0.00;0.00;0.00;0.00;0.00;0.00;17.10.2023 14:25:15;01.01.1970 00:00:00
17.10.2023 17:03:32;26.69;7.37;0.00;0.00;25.90;0.00;11.62;0.53;0.00;0.00;0.00;0.00;0.00;0.00;0.00;0.00;0.00;0.00;0.00;0.00;0.00;0.00;0.00;17.10.2023 14:25:15;01.01.1970 00:00:00
17.10.2023 17:04:32;26.66;7.37;0.00;0.00;26.00;0.15;11.62;0.53;0.00;0.00;0.00;0.00;0.00;0.00;0.00;0.00;0.00;0.00;0.00;0.00;0.00;0.00;0.00;17.10.2023 14:25:15;01.01.1970 00:00:00
17.10.2023 17:05:32;26.67;7.40;0.00;0.00;26.00;0.15;11.62;0.53;0.00;0.00;0.00;0.00;0.00;0.00;0.00;0.00;0.00;0.00;0.00;0.00;0.00;0.00;0.00;17.10.2023 14:25:15;01.01.1970 00:00:00
17.10.2023 17:06:32;26.63;7.40;0.00;0.00;26.00;0.00;11.62;0.53;0.00;0.00;0.00;0.00;0.00;0.00;0.00;0.00;0.00;0.00;0.00;0.00;0.00;0.00;0.00;17.10.2023 14:25:15;01.01.1970 00:00:00
17.10.2023 17:07:32;26.64;7.42;0.00;0.00;26.00;0.00;11.62;0.53;0.00;0.00;0.00;0.00;0.00;0.00;0.00;0.00;0.00;0.00;0.00;0.00;0.00;0.00;0.00;17.10.2023 14:25:15;01.01.1970 00:00:00
17.10.2023 17:08:32;26.61;7.45;0.00;0.00;26.00;0.00;11.62;0.53;0.00;0.00;0.00;0.00;0.00;0.00;0.00;0.00;0.00;0.00;0.00;0.00;0.00;0.00;0.00;17.10.2023 14:25:15;01.01.1970 00:00:00
17.10.2023 17:09:32;26.61;7.45;0.00;0.00;26.00;0.00;11.62;0.53;0.00;0.00;0.00;0.00;0.00;0.00;0.00;0.00;0.00;0.00;0.00;0.00;0.00;0.00;0.00;17.10.2023 14:25:15;01.01.1970 00:00:00
17.10.2023 17:10:32;26.59;7.46;0.00;0.00;26.00;0.15;11.63;0.53;0.00;0.00;0.00;0.00;0.00;0.00;0.00;0.00;0.00;0.00;0.00;0.00;0.00;0.00;0.00;17.10.2023 14:25:15;01.01.1970 00:00:00
17.10.2023 17:11:32;26.58;7.48;0.00;0.00;26.00;0.00;11.63;0.53;0.00;0.00;0.00;0.00;0.00;0.00;0.00;0.00;0.00;0.00;0.00;0.00;0.00;0.00;0.00;17.10.2023 14:25:15;01.01.1970 00:00:00
17.10.2023 17:12:33;26.56;7.47;0.00;0.00;26.00;0.00;11.63;0.53;0.00;0.00;0.00;0.00;0.00;0.00;0.00;0.00;0.00;0.00;0.00;0.00;0.00;0.00;0.00;17.10.2023 14:25:15;01.01.1970 00:00:00
17.10.2023 17:13:33;26.56;7.46;0.00;0.00;26.00;0.15;11.63;0.53;0.00;0.00;0.00;0.00;0.00;0.00;0.00;0.00;0.00;0.00;0.00;0.00;0.00;0.00;0.00;17.10.2023 14:25:15;01.01.1970 00:00:00
17.10.2023 17:14:33;26.53;7.46;0.00;0.00;26.00;0.00;11.63;0.53;0.00;0.00;0.00;0.00;0.00;0.00;0.00;0.00;0.00;0.00;0.00;0.00;0.00;0.00;0.00;17.10.2023 14:25:15;01.01.1970 00:00:00
17.10.2023 17:15:33;26.51;7.46;0.00;0.00;26.10;0.00;11.63;0.53;0.00;0.00;0.00;0.00;0.00;0.00;0.00;0.00;0.00;0.00;0.00;0.00;0.00;0.00;0.00;17.10.2023 14:25:15;01.01.1970 00:00:00
17.10.2023 17:16:33;26.51;7.45;0.00;0.00;26.10;0.00;11.63;0.53;0.00;0.00;0.00;0.00;0.00;0.00;0.00;0.00;0.00;0.00;0.00;0.00;0.00;0.00;0.00;17.10.2023 14:25:15;01.01.1970 00:00:00
17.10.2023 17:17:33;26.48;7.46;0.00;0.00;26.10;0.00;11.63;0.53;0.00;0.00;0.00;0.00;0.00;0.00;0.00;0.00;0.00;0.00;0.00;0.00;0.00;0.00;0.00;17.10.2023 14:25:15;01.01.1970 00:00:00
17.10.2023 17:18:33;26.45;7.48;0.00;0.00;26.10;0.00;11.63;0.53;0.00;0.00;0.00;0.00;0.00;0.00;0.00;0.00;0.00;0.00;0.00;0.00;0.00;0.00;0.00;17.10.2023 14:25:15;01.01.1970 00:00:00
17.10.2023 17:19:33;26.46;7.51;0.00;0.00;26.10;0.15;11.63;0.53;0.00;0.00;0.00;0.00;0.00;0.00;0.00;0.00;0.00;0.00;0.00;0.00;0.00;0.00;0.00;17.10.2023 14:25:15;01.01.1970 00:00:00
17.10.2023 17:20:33;26.44;7.50;0.00;0.00;26.10;0.00;11.63;0.53;0.00;0.00;0.00;0.00;0.00;0.00;0.00;0.00;0.00;0.00;0.00;0.00;0.00;0.00;0.00;17.10.2023 14:25:15;01.01.1970 00:00:00
17.10.2023 17:21:33;26.44;7.53;0.00;0.00;26.10;0.00;11.63;0.53;0.00;0.00;0.00;0.00;0.00;0.00;0.00;0.00;0.00;0.00;0.00;0.00;0.00;0.00;0.00;17.10.2023 14:25:15;01.01.1970 00:00:00
17.10.2023 17:22:34;26.41;7.54;0.00;0.00;26.10;0.00;11.63;0.53;0.00;0.00;0.00;0.00;0.00;0.00;0.00;0.00;0.00;0.00;0.00;0.00;0.00;0.00;0.00;17.10.2023 14:25:15;01.01.1970 00:00:00
17.10.2023 17:23:34;26.41;7.55;0.00;0.00;26.10;0.00;11.63;0.53;0.00;0.00;0.00;0.00;0.00;0.00;0.00;0.00;0.00;0.00;0.00;0.00;0.00;0.00;0.00;17.10.2023 14:25:15;01.01.1970 00:00:00
17.10.2023 17:24:34;26.41;7.58;0.00;0.00;26.10;0.15;11.63;0.53;0.00;0.00;0.00;0.00;0.00;0.00;0.00;0.00;0.00;0.00;0.00;0.00;0.00;0.00;0.00;17.10.2023 14:25:15;01.01.1970 00:00:00
17.10.2023 17:25:34;26.38;7.60;0.00;0.00;26.10;0.00;11.63;0.53;0.00;0.00;0.00;0.00;0.00;0.00;0.00;0.00;0.00;0.00;0.00;0.00;0.00;0.00;0.00;17.10.2023 14:25:15;01.01.1970 00:00:00
17.10.2023 17:26:34;26.37;7.59;0.00;0.00;26.10;0.00;11.63;0.53;0.00;0.00;0.00;0.00;0.00;0.00;0.00;0.00;0.00;0.00;0.00;0.00;0.00;0.00;0.00;17.10.2023 14:25:15;01.01.1970 00:00:00
17.10.2023 17:27:34;26.36;7.60;0.00;0.00;26.10;0.00;11.63;0.53;0.00;0.00;0.00;0.00;0.00;0.00;0.00;0.00;0.00;0.00;0.00;0.00;0.00;0.00;0.00;17.10.2023 14:25:15;01.01.1970 00:00:00
17.10.2023 17:28:34;26.35;7.64;0.00;0.00;26.10;0.00;11.63;0.53;0.00;0.00;0.00;0.00;0.00;0.00;0.00;0.00;0.00;0.00;0.00;0.00;0.00;0.00;0.00;17.10.2023 14:25:15;01.01.1970 00:00:00
17.10.2023 17:29:34;26.33;7.62;0.00;0.00;26.10;0.00;11.63;0.53;0.00;0.00;0.00;0.00;0.00;0.00;0.00;0.00;0.00;0.00;0.00;0.00;0.00;0.00;0.00;17.10.2023 14:25:15;01.01.1970 00:00:00
17.10.2023 17:30:34;26.33;7.66;0.00;0.00;26.10;0.15;11.64;0.53;0.00;0.00;0.00;0.00;0.00;0.00;0.00;0.00;0.00;0.00;0.00;0.00;0.00;0.00;0.00;17.10.2023 14:25:15;01.01.1970 00:00:00
17.10.2023 17:31:35;26.31;7.65;0.00;0.00;26.10;0.00;11.64;0.53;0.00;0.00;0.00;0.00;0.00;0.00;0.00;0.00;0.00;0.00;0.00;0.00;0.00;0.00;0.00;17.10.2023 14:25:15;01.01.1970 00:00:00
17.10.2023 17:32:35;26.31;7.68;0.00;0.00;26.10;0.00;11.64;0.53;0.00;0.00;0.00;0.00;0.00;0.00;0.00;0.00;0.00;0.00;0.00;0.00;0.00;0.00;0.00;17.10.2023 14:25:15;01.01.1970 00:00:00
17.10.2023 17:33:35;26.29;7.68;0.00;0.00;26.10;0.00;11.64;0.53;0.00;0.00;0.00;0.00;0.00;0.00;0.00;0.00;0.00;0.00;0.00;0.00;0.00;0.00;0.00;17.10.2023 14:25:15;01.01.1970 00:00:00
17.10.2023 17:34:35;26.26;7.67;0.00;0.00;26.10;0.00;11.64;0.53;0.00;0.00;0.00;0.00;0.00;0.00;0.00;0.00;0.00;0.00;0.00;0.00;0.00;0.00;0.00;17.10.2023 14:25:15;01.01.1970 00:00:00
17.10.2023 17:35:35;26.26;7.67;0.00;0.00;26.10;0.00;11.64;0.53;0.00;0.00;0.00;0.00;0.00;0.00;0.00;0.00;0.00;0.00;0.00;0.00;0.00;0.00;0.00;17.10.2023 14:25:15;01.01.1970 00:00:00
17.10.2023 17:36:35;26.26;7.68;0.00;0.00;26.10;0.00;11.64;0.53;0.00;0.00;0.00;0.00;0.00;0.00;0.00;0.00;0.00;0.00;0.00;0.00;0.00;0.00;0.00;17.10.2023 14:25:15;01.01.1970 00:00:00
17.10.2023 17:37:36;26.24;7.70;0.00;0.00;26.10;0.00;11.64;0.53;0.00;0.00;0.00;0.00;0.00;0.00;0.00;0.00;0.00;0.00;0.00;0.00;0.00;0.00;0.00;17.10.2023 14:25:15;01.01.1970 00:00:00
17.10.2023 17:38:36;26.23;7.71;0.00;0.00;26.00;0.00;11.64;0.53;0.00;0.00;0.00;0.00;0.00;0.00;0.00;0.00;0.00;0.00;0.00;0.00;0.00;0.00;0.00;17.10.2023 14:25:15;01.01.1970 00:00:00
17.10.2023 17:39:36;26.22;7.72;0.00;0.00;26.00;0.00;11.64;0.53;0.00;0.00;0.00;0.00;0.00;0.00;0.00;0.00;0.00;0.00;0.00;0.00;0.00;0.00;0.00;17.10.2023 14:25:15;01.01.1970 00:00:00
17.10.2023 17:40:36;26.20;7.72;0.00;0.00;26.00;0.00;11.64;0.53;0.00;0.00;0.00;0.00;0.00;0.00;0.00;0.00;0.00;0.00;0.00;0.00;0.00;0.00;0.00;17.10.2023 14:25:15;01.01.1970 00:00:00
17.10.2023 17:41:36;26.18;7.74;0.00;0.00;26.00;0.00;11.64;0.53;0.00;0.00;0.00;0.00;0.00;0.00;0.00;0.00;0.00;0.00;0.00;0.00;0.00;0.00;0.00;17.10.2023 14:25:15;01.01.1970 00:00:00
17.10.2023 17:42:36;26.18;7.73;0.00;0.00;26.00;0.00;11.64;0.53;0.00;0.00;0.00;0.00;0.00;0.00;0.00;0.00;0.00;0.00;0.00;0.00;0.00;0.00;0.00;17.10.2023 14:25:15;01.01.1970 00:00:00
17.10.2023 17:43:36;26.16;7.75;0.00;0.00;26.00;0.15;11.64;0.53;0.00;0.00;0.00;0.00;0.00;0.00;0.00;0.00;0.00;0.00;0.00;0.00;0.00;0.00;0.00;17.10.2023 14:25:15;01.01.1970 00:00:00
17.10.2023 17:44:37;26.16;7.75;0.00;0.00;26.00;0.00;11.64;0.53;0.00;0.00;0.00;0.00;0.00;0.00;0.00;0.00;0.00;0.00;0.00;0.00;0.00;0.00;0.00;17.10.2023 14:25:15;01.01.1970 00:00:00
17.10.2023 17:45:37;26.14;7.76;0.00;0.00;26.00;0.00;11.64;0.53;0.00;0.00;0.00;0.00;0.00;0.00;0.00;0.00;0.00;0.00;0.00;0.00;0.00;0.00;0.00;17.10.2023 14:25:15;01.01.1970 00:00:00
17.10.2023 17:46:37;26.13;7.74;0.00;0.00;26.00;0.00;11.64;0.53;0.00;0.00;0.00;0.00;0.00;0.00;0.00;0.00;0.00;0.00;0.00;0.00;0.00;0.00;0.00;17.10.2023 14:25:15;01.01.1970 00:00:00
17.10.2023 17:47:37;26.12;7.74;0.00;0.00;26.00;0.00;11.64;0.53;0.00;0.00;0.00;0.00;0.00;0.00;0.00;0.00;0.00;0.00;0.00;0.00;0.00;0.00;0.00;17.10.2023 14:25:15;01.01.1970 00:00:00
17.10.2023 17:48:37;26.11;5.60;0.00;0.00;26.00;0.00;11.64;0.53;0.00;0.00;0.00;0.00;0.00;0.00;0.00;0.00;0.00;0.00;0.00;0.00;0.00;0.00;0.00;17.10.2023 14:25:15;01.01.1970 00:00:00
17.10.2023 17:49:37;26.11;8.85;0.00;0.00;26.00;0.15;11.64;0.53;0.00;0.00;0.00;0.00;0.00;0.00;0.00;0.00;0.00;0.00;0.00;0.00;0.00;0.00;0.00;17.10.2023 14:25:15;01.01.1970 00:00:00
17.10.2023 17:50:37;26.10;8.86;0.00;0.00;26.00;0.00;11.64;0.53;0.00;0.00;0.00;0.00;0.00;0.00;0.00;0.00;0.00;0.00;0.00;0.00;0.00;0.00;0.00;17.10.2023 14:25:15;01.01.1970 00:00:00
17.10.2023 17:51:38;26.08;8.87;0.00;0.00;26.00;0.00;11.64;0.53;0.00;0.00;0.00;0.00;0.00;0.00;0.00;0.00;0.00;0.00;0.00;0.00;0.00;0.00;0.00;17.10.2023 14:25:15;01.01.1970 00:00:00
17.10.2023 17:52:38;26.08;8.86;0.00;0.00;26.00;0.00;11.64;0.53;0.00;0.00;0.00;0.00;0.00;0.00;0.00;0.00;0.00;0.00;0.00;0.00;0.00;0.00;0.00;17.10.2023 14:25:15;01.01.1970 00:00:00
17.10.2023 17:53:38;26.06;8.86;0.00;0.00;26.00;0.00;11.64;0.53;0.00;0.00;0.00;0.00;0.00;0.00;0.00;0.00;0.00;0.00;0.00;0.00;0.00;0.00;0.00;17.10.2023 14:25:15;01.01.1970 00:00:00
17.10.2023 17:54:38;26.05;8.85;0.00;0.00;25.90;0.00;11.64;0.53;0.00;0.00;0.00;0.00;0.00;0.00;0.00;0.00;0.00;0.00;0.00;0.00;0.00;0.00;0.00;17.10.2023 14:25:15;01.01.1970 00:00:00
17.10.2023 17:55:38;26.04;8.83;0.00;0.00;25.90;0.00;11.64;0.53;0.00;0.00;0.00;0.00;0.00;0.00;0.00;0.00;0.00;0.00;0.00;0.00;0.00;0.00;0.00;17.10.2023 14:25:15;01.01.1970 00:00:00
