Timestamp,Timestamp_setpoints,Timestamp_measures,ch4_setpoint,ch4_measure,co2/ch4_setpoint,co2/ch4_measure,threshold_low,threshold_high
2025-05-09 21:00:00,2025-05-09 21:00:00,2025-05-09 21:00:00,0.36562,0.40747,0.88652,1.0247,0.93652,0.98652
2025-05-10 00:00:00,2025-05-10 00:00:00,2025-05-10 00:00:00,0.36562,0.39986,0.88653,0.95817,0.93653,0.98653
2025-05-10 03:00:00,2025-05-10 03:00:00,2025-05-10 03:00:00,0.36562,0.39986,0.88654,0.95817,0.93654,0.98654
2025-05-10 06:00:00,2025-05-10 06:00:00,2025-05-10 06:00:00,0.36561,0.42551,0.88655,0.8566,0.93655,0.98655
2025-05-10 09:00:00,2025-05-10 09:00:00,2025-05-10 09:00:00,0.36561,0.41474,0.88655,0.8566,0.93655,0.98655
2025-05-10 12:00:00,2025-05-10 12:00:00,2025-05-10 12:00:00,0.36561,0.3975,0.88656,0.8566,0.93656,0.98656
2025-05-10 15:00:00,2025-05-10 15:00:00,2025-05-10 15:00:00,0.36561,0.7032,0.88657,0.79892,0.93657,0.98657
2025-05-10 18:00:00,2025-05-10 18:00:00,2025-05-10 18:00:00,0.36561,0.52149,0.88657,0.8639,0.93657,0.98657
2025-05-10 21:00:00,2025-05-10 21:00:00,2025-05-10 21:00:00,0.3656,0.46998,0.88658,0.8639,0.93658,0.98658
2025-05-11 00:00:00,2025-05-11 00:00:00,2025-05-11 00:00:00,0.3656,0.43423,0.88658,0.97589,0.93658,0.98658
2025-05-11 03:00:00,2025-05-11 03:00:00,2025-05-11 03:00:00,0.3656,0.43002,0.88659,0.89061,0.93659,0.98659
2025-05-11 06:00:00,2025-05-11 06:00:00,2025-05-11 06:00:00,0.3656,0.41944,0.88659,0.89061,0.93659,0.98659
2025-05-11 09:00:00,2025-05-11 09:00:00,2025-05-11 09:00:00,0.3656,0.43447,0.8866,0.80219,0.9366,0.9866
2025-05-11 12:00:00,2025-05-11 12:00:00,2025-05-11 12:00:00,0.36559,0.57874,0.88661,0.80219,0.93661,0.98661
2025-05-11 15:00:00,2025-05-11 15:00:00,2025-05-11 15:00:00,0.36559,0.69158,0.88661,0.76841,0.93661,0.98661
2025-05-11 18:00:00,2025-05-11 18:00:00,2025-05-11 18:00:00,0.36559,0.50401,0.88661,0.91069,0.93661,0.98661
2025-05-11 21:00:00,2025-05-11 21:00:00,2025-05-11 21:00:00,0.36559,0.47365,0.88662,0.91069,0.93662,0.98662
2025-05-12 00:00:00,2025-05-12 00:00:00,2025-05-12 00:00:00,0.36559,0.4427,0.88662,0.90872,0.93662,0.98662
2025-05-12 03:00:00,2025-05-12 03:00:00,2025-05-12 03:00:00,0.36559,0.42541,0.88663,0.90872,0.93663,0.98663
2025-05-12 06:00:00,2025-05-12 06:00:00,2025-05-12 06:00:00,0.36559,0.44212,0.88663,0.81399,0.93663,0.98663
2025-05-12 09:00:00,2025-05-12 09:00:00,2025-05-12 09:00:00,0.36558,0.41235,0.88664,0.81399,0.93664,0.98664
2025-05-12 12:00:00,2025-05-12 12:00:00,2025-05-12 12:00:00,0.36558,0.60634,0.88664,0.74158,0.93664,0.98664
2025-05-12 15:00:00,2025-05-12 15:00:00,2025-05-12 15:00:00,0.36558,0.76872,0.88664,0.77437,0.93664,0.98664
2025-05-12 18:00:00,2025-05-12 18:00:00,2025-05-12 18:00:00,0.36558,0.58049,0.88665,0.77437,0.93665,0.98665
2025-05-12 21:00:00,2025-05-12 21:00:00,2025-05-12 21:00:00,0.36558,0.50147,0.88665,0.91439,0.93665,0.98665
2025-05-13 00:00:00,2025-05-13 00:00:00,2025-05-13 00:00:00,0.36558,0.45968,0.88665,0.91439,0.93665,0.98665
2025-05-13 03:00:00,2025-05-13 03:00:00,2025-05-13 03:00:00,0.36558,0.43644,0.88666,0.87427,0.93666,0.98666
2025-05-13 06:00:00,2025-05-13 06:00:00,2025-05-13 06:00:00,0.36558,0.4343,0.88666,0.79598,0.93666,0.98666
2025-05-13 09:00:00,2025-05-13 09:00:00,2025-05-13 09:00:00,0.36558,0.41315,0.88666,0.79598,0.93666,0.98666
2025-05-13 12:00:00,2025-05-13 12:00:00,2025-05-13 12:00:00,0.36557,0.45533,0.88666,0.74158,0.93666,0.98666
2025-05-13 15:00:00,2025-05-13 15:00:00,2025-05-13 15:00:00,0.36557,0.71659,0.88667,0.74158,0.93667,0.98667
2025-05-13 18:00:00,2025-05-13 18:00:00,2025-05-13 18:00:00,0.36557,0.56494,0.88667,0.80551,0.93667,0.98667
2025-05-13 21:00:00,2025-05-13 21:00:00,2025-05-13 21:00:00,0.36557,0.48281,0.88667,0.90136,0.93667,0.98667
2025-05-14 00:00:00,2025-05-14 00:00:00,2025-05-14 00:00:00,0.36557,0.45073,0.88667,0.90136,0.93667,0.98667
2025-05-14 03:00:00,2025-05-14 03:00:00,2025-05-14 03:00:00,0.36557,0.44638,0.88667,0.83925,0.93667,0.98667
2025-05-14 06:00:00,2025-05-14 06:00:00,2025-05-14 06:00:00,0.36557,0.43115,0.88668,0.83925,0.93668,0.98668
2025-05-14 09:00:00,2025-05-14 09:00:00,2025-05-14 09:00:00,0.36557,0.43091,0.88668,0.77299,0.93668,0.98668
2025-05-14 12:00:00,2025-05-14 12:00:00,2025-05-14 12:00:00,0.36557,0.62099,0.88668,0.77299,0.93668,0.98668
2025-05-14 15:00:00,2025-05-14 15:00:00,2025-05-14 15:00:00,0.36557,0.70938,0.88668,0.77478,0.93668,0.98668
2025-05-14 18:00:00,2025-05-14 18:00:00,2025-05-14 18:00:00,0.36556,0.53072,0.88668,0.92382,0.93668,0.98668
2025-05-14 21:00:00,2025-05-14 21:00:00,2025-05-14 21:00:00,0.36556,0.48861,0.88668,0.92382,0.93668,0.98668
2025-05-15 00:00:00,2025-05-15 00:00:00,2025-05-15 00:00:00,0.36556,0.44321,0.88668,0.92009,0.93668,0.98668
2025-05-15 03:00:00,2025-05-15 03:00:00,2025-05-15 03:00:00,0.36556,0.41769,0.88669,0.92009,0.93669,0.98669
2025-05-15 06:00:00,2025-05-15 06:00:00,2025-05-15 06:00:00,0.36556,0.41336,0.88669,0.82409,0.93669,0.98669
2025-05-15 09:00:00,2025-05-15 09:00:00,2025-05-15 09:00:00,0.36556,0.40623,0.88669,0.82409,0.93669,0.98669
2025-05-15 12:00:00,2025-05-15 12:00:00,2025-05-15 12:00:00,0.36556,0.54293,0.88669,0.75713,0.93669,0.98669
2025-05-15 15:00:00,2025-05-15 15:00:00,2025-05-15 15:00:00,0.36556,0.68209,0.88669,0.79743,0.93669,0.98669
2025-05-15 18:00:00,2025-05-15 18:00:00,2025-05-15 18:00:00,0.36556,0.56247,0.88669,0.79743,0.93669,0.98669
2025-05-15 21:00:00,2025-05-15 21:00:00,2025-05-15 21:00:00,0.36556,0.50217,0.8,0.92563,0.85,0.9
2025-05-16 00:00:00,2025-05-16 00:00:00,2025-05-16 00:00:00,0.36556,0.4518,0.8,0.92563,0.85,0.9
2025-05-16 03:00:00,2025-05-16 03:00:00,2025-05-16 03:00:00,0.36556,0.42598,0.8,0.88505,0.85,0.9
2025-05-16 06:00:00,2025-05-16 06:00:00,2025-05-16 06:00:00,0.36555,0.43921,0.8,0.81917,0.85,0.9
2025-05-16 09:00:00,2025-05-16 09:00:00,2025-05-16 09:00:00,0.36555,0.40953,0.8,0.81917,0.85,0.9
2025-05-16 12:00:00,2025-05-16 12:00:00,2025-05-16 12:00:00,0.36555,0.5813,0.8,0.7891,0.85,0.9
2025-05-16 15:00:00,2025-05-16 15:00:00,2025-05-16 15:00:00,0.36555,0.73557,0.8,0.7891,0.85,0.9
2025-05-16 18:00:00,2025-05-16 18:00:00,2025-05-16 18:00:00,0.36555,0.54947,0.8,0.86362,0.85,0.9
2025-05-16 21:00:00,2025-05-16 21:00:00,2025-05-16 21:00:00,0.36555,0.47575,0.8,0.94852,0.85,0.9
2025-05-17 00:00:00,2025-05-17 00:00:00,2025-05-17 00:00:00,0.36555,0.43469,0.8,0.94852,0.85,0.9
2025-05-17 03:00:00,2025-05-17 03:00:00,2025-05-17 03:00:00,0.36555,0.41493,0.8,0.87262,0.85,0.9
2025-05-17 06:00:00,2025-05-17 06:00:00,2025-05-17 06:00:00,0.36555,0.40478,0.8,0.87262,0.85,0.9
2025-05-17 09:00:00,2025-05-17 09:00:00,2025-05-17 09:00:00,0.36555,0.42415,0.8,0.79417,0.85,0.9
2025-05-17 12:00:00,2025-05-17 12:00:00,2025-05-17 12:00:00,0.36555,0.6248,0.8,0.79417,0.85,0.9
2025-05-17 15:00:00,2025-05-17 15:00:00,2025-05-17 15:00:00,0.36555,0.73187,0.8,0.78584,0.85,0.9
2025-05-17 18:00:00,2025-05-17 18:00:00,2025-05-17 18:00:00,0.36554,0.41726,0.8,0.92927,0.85,0.9
2025-05-17 21:00:00,2025-05-17 21:00:00,2025-05-17 21:00:00,0.36554,0.38564,0.8,0.92927,0.85,0.9
2025-05-18 00:00:00,2025-05-18 00:00:00,2025-05-18 00:00:00,0.36554,0.36722,0.8,0.91439,0.85,0.9
2025-05-18 03:00:00,2025-05-18 03:00:00,2025-05-18 03:00:00,0.36554,0.34528,0.8,0.91439,0.85,0.9
2025-05-18 06:00:00,2025-05-18 06:00:00,2025-05-18 06:00:00,0.36554,0.31864,0.8,0.91439,0.85,0.9
2025-05-18 09:00:00,2025-05-18 09:00:00,2025-05-18 09:00:00,0.36554,0.31206,0.8,0.80734,0.85,0.9
2025-05-18 12:00:00,2025-05-18 12:00:00,2025-05-18 12:00:00,0.36554,0.49576,0.8,0.80734,0.85,0.9
2025-05-18 15:00:00,2025-05-18 15:00:00,2025-05-18 15:00:00,0.36554,0.52799,0.8,0.79927,0.85,0.9
2025-05-18 18:00:00,2025-05-18 18:00:00,2025-05-18 18:00:00,0.36554,0.44073,0.8,0.79927,0.85,0.9
2025-05-18 21:00:00,2025-05-18 21:00:00,2025-05-18 21:00:00,0.36554,0.378,0.8,0.91799,0.85,0.9
2025-05-19 00:00:00,2025-05-19 00:00:00,2025-05-19 00:00:00,0.36554,0.35819,0.8,0.91799,0.85,0.9
2025-05-19 03:00:00,2025-05-19 03:00:00,2025-05-19 03:00:00,0.36554,0.35124,0.8,0.84775,0.85,0.9
2025-05-19 06:00:00,2025-05-19 06:00:00,2025-05-19 06:00:00,0.36554,0.33013,0.8,0.84775,0.85,0.9
2025-05-19 09:00:00,2025-05-19 09:00:00,2025-05-19 09:00:00,0.36554,0.30253,0.8,0.84775,0.85,0.9
2025-05-19 12:00:00,2025-05-19 12:00:00,2025-05-19 12:00:00,0.36553,0.5034,0.8,0.78584,0.85,0.9
2025-05-19 15:00:00,2025-05-19 15:00:00,2025-05-19 15:00:00,0.36553,0.55841,0.8,0.8499,0.85,0.9
2025-05-19 18:00:00,2025-05-19 18:00:00,2025-05-19 18:00:00,0.36553,0.4357,0.8,0.8499,0.85,0.9
2025-05-19 21:00:00,2025-05-19 21:00:00,2025-05-19 21:00:00,0.36553,0.37477,0.8,0.97988,0.85,0.9
2025-05-20 00:00:00,2025-05-20 00:00:00,2025-05-20 00:00:00,0.36553,0.34042,0.8,0.97988,0.85,0.9
2025-05-20 03:00:00,2025-05-20 03:00:00,2025-05-20 03:00:00,0.36553,0.3283,0.8,0.86717,0.85,0.9
2025-05-20 06:00:00,2025-05-20 06:00:00,2025-05-20 06:00:00,0.36553,0.29724,0.8,0.86717,0.85,0.9
2025-05-20 09:00:00,2025-05-20 09:00:00,2025-05-20 09:00:00,0.36553,0.27528,0.8,0.86717,0.85,0.9
2025-05-20 12:00:00,2025-05-20 12:00:00,2025-05-20 12:00:00,0.36553,0.52522,0.8,0.78403,0.85,0.9
2025-05-20 15:00:00,2025-05-20 15:00:00,2025-05-20 15:00:00,0.36553,0.52992,0.8,0.85877,0.85,0.9
2025-05-20 18:00:00,2025-05-20 18:00:00,2025-05-20 18:00:00,0.36553,0.41748,0.8,0.85877,0.85,0.9
2025-05-20 21:00:00,2025-05-20 21:00:00,2025-05-20 21:00:00,0.36553,0.3385,0.8,0.93502,0.85,0.9
2025-05-21 00:00:00,2025-05-21 00:00:00,2025-05-21 00:00:00,0.36553,0.29354,0.8,0.93502,0.85,0.9
2025-05-21 03:00:00,2025-05-21 03:00:00,2025-05-21 03:00:00,0.36553,0.23876,0.8,0.93502,0.85,0.9
2025-05-21 06:00:00,2025-05-21 06:00:00,2025-05-21 06:00:00,0.36553,0.22163,0.8,0.78221,0.85,0.9
2025-05-21 09:00:00,2025-05-21 09:00:00,2025-05-21 09:00:00,0.36552,0.32207,0.8,0.78221,0.85,0.9
2025-05-21 12:00:00,2025-05-21 12:00:00,2025-05-21 12:00:00,0.36552,0.58097,0.85,0.75223,0.9,0.95
2025-05-21 15:00:00,2025-05-21 15:00:00,2025-05-21 15:00:00,0.36552,0.51991,0.85,0.75223,0.9,0.95
2025-05-21 18:00:00,2025-05-21 18:00:00,2025-05-21 18:00:00,0.36552,0.37446,0.85,0.92009,0.9,0.95
2025-05-21 21:00:00,2025-05-21 21:00:00,2025-05-21 21:00:00,0.36552,0.34946,0.85,0.92009,0.9,0.95
2025-05-22 00:00:00,2025-05-22 00:00:00,2025-05-22 00:00:00,0.36552,0.33239,0.85,0.86529,0.9,0.95
2025-05-22 03:00:00,2025-05-22 03:00:00,2025-05-22 03:00:00,0.36552,0.30129,0.85,0.86529,0.9,0.95
2025-05-22 06:00:00,2025-05-22 06:00:00,2025-05-22 06:00:00,0.36552,0.34257,0.85,0.86529,0.9,0.95
2025-05-22 09:00:00,2025-05-22 09:00:00,2025-05-22 09:00:00,0.36552,0.30488,0.85,0.7909,0.9,0.95
2025-05-22 12:00:00,2025-05-22 12:00:00,2025-05-22 12:00:00,0.36552,0.60361,0.85,0.7909,0.9,0.95
2025-05-22 15:00:00,2025-05-22 15:00:00,2025-05-22 15:00:00,0.36552,0.51469,0.85,0.838,0.9,0.95
2025-05-22 18:00:00,2025-05-22 18:00:00,2025-05-22 18:00:00,0.36552,0.38955,0.85,0.838,0.9,0.95
2025-05-22 21:00:00,2025-05-22 21:00:00,2025-05-22 21:00:00,0.36552,0.3343,0.85,0.95633,0.9,0.95
2025-05-23 00:00:00,2025-05-23 00:00:00,2025-05-23 00:00:00,0.36552,0.27398,0.85,0.95633,0.9,0.95
2025-05-23 03:00:00,2025-05-23 03:00:00,2025-05-23 03:00:00,0.36552,0.24016,0.85,0.83211,0.9,0.95
2025-05-23 06:00:00,2025-05-23 06:00:00,2025-05-23 06:00:00,0.36552,0.31712,0.85,0.83211,0.9,0.95
2025-05-23 09:00:00,2025-05-23 09:00:00,2025-05-23 09:00:00,0.36552,0.33623,0.85,0.83211,0.9,0.95
2025-05-23 12:00:00,2025-05-23 12:00:00,2025-05-23 12:00:00,0.36551,0.58891,0.85,0.77617,0.9,0.95
2025-05-23 15:00:00,2025-05-23 15:00:00,2025-05-23 15:00:00,0.36551,0.48936,0.85,0.89635,0.9,0.95
2025-05-23 18:00:00,2025-05-23 18:00:00,2025-05-23 18:00:00,0.36551,0.36228,0.85,0.89635,0.9,0.95
2025-05-23 21:00:00,2025-05-23 21:00:00,2025-05-23 21:00:00,0.36551,0.32731,0.85,0.92171,0.9,0.95
2025-05-24 00:00:00,2025-05-24 00:00:00,2025-05-24 00:00:00,0.36551,0.34448,0.85,0.92171,0.9,0.95
2025-05-24 03:00:00,2025-05-24 03:00:00,2025-05-24 03:00:00,0.36551,0.29921,0.85,0.92171,0.9,0.95
2025-05-24 06:00:00,2025-05-24 06:00:00,2025-05-24 06:00:00,0.36551,0.36182,0.85,0.81032,0.9,0.95
2025-05-24 09:00:00,2025-05-24 09:00:00,2025-05-24 09:00:00,0.36551,0.28724,0.85,0.81032,0.9,0.95
2025-05-24 12:00:00,2025-05-24 12:00:00,2025-05-24 12:00:00,0.36551,0.543,0.85,0.81584,0.9,0.95
2025-05-24 15:00:00,2025-05-24 15:00:00,2025-05-24 15:00:00,0.36551,0.57274,0.85,0.81584,0.9,0.95
2025-05-24 18:00:00,2025-05-24 18:00:00,2025-05-24 18:00:00,0.36551,0.37505,0.85,0.90909,0.9,0.95
2025-05-24 21:00:00,2025-05-24 21:00:00,2025-05-24 21:00:00,0.36551,0.31952,0.85,0.90909,0.9,0.95
2025-05-25 12:00:00,2025-05-25 12:00:00,2025-05-25 12:00:00,0.36551,0.56656,0.85,0.83739,0.9,0.95
2025-05-25 15:00:00,2025-05-25 15:00:00,2025-05-25 15:00:00,0.36551,0.56058,0.85,0.83739,0.9,0.95
2025-05-25 18:00:00,2025-05-25 18:00:00,2025-05-25 18:00:00,0.36551,0.3647,0.85,0.95229,0.9,0.95
2025-05-25 21:00:00,2025-05-25 21:00:00,2025-05-25 21:00:00,0.3655,0.28633,0.85,0.95229,0.9,0.95
2025-05-26 00:00:00,2025-05-26 00:00:00,2025-05-26 00:00:00,0.3655,0.24658,0.85,0.86147,0.9,0.95
2025-05-26 03:00:00,2025-05-26 03:00:00,2025-05-26 03:00:00,0.3655,0.32233,0.85,0.86147,0.9,0.95
2025-05-26 06:00:00,2025-05-26 06:00:00,2025-05-26 06:00:00,0.3655,0.32071,0.85,0.86147,0.9,0.95
2025-05-26 09:00:00,2025-05-26 09:00:00,2025-05-26 09:00:00,0.3655,0.33565,0.85,0.79054,0.9,0.95
2025-05-26 12:00:00,2025-05-26 12:00:00,2025-05-26 12:00:00,0.3655,0.57915,0.85,0.79054,0.9,0.95
2025-05-26 15:00:00,2025-05-26 15:00:00,2025-05-26 15:00:00,0.3655,0.57568,0.85,0.8639,0.9,0.95
2025-05-26 18:00:00,2025-05-26 18:00:00,2025-05-26 18:00:00,0.3655,0.41526,0.85,0.8639,0.9,0.95
2025-05-26 21:00:00,2025-05-26 21:00:00,2025-05-26 21:00:00,0.3655,0.30978,0.85,0.94655,0.9,0.95
2025-05-27 00:00:00,2025-05-27 00:00:00,2025-05-27 00:00:00,0.3655,0.29283,0.85,0.94655,0.9,0.95
2025-05-27 03:00:00,2025-05-27 03:00:00,2025-05-27 03:00:00,0.3655,0.35989,0.85,0.82835,0.9,0.95
2025-05-27 06:00:00,2025-05-27 06:00:00,2025-05-27 06:00:00,0.3655,0.31449,0.85,0.82835,0.9,0.95
2025-05-27 09:00:00,2025-05-27 09:00:00,2025-05-27 09:00:00,0.3655,0.32735,0.85,0.82375,0.9,0.95
2025-05-27 12:00:00,2025-05-27 12:00:00,2025-05-27 12:00:00,0.3655,0.62508,0.85,0.82375,0.9,0.95
2025-05-27 15:00:00,2025-05-27 15:00:00,2025-05-27 15:00:00,0.3655,0.52907,0.85,0.90523,0.9,0.95
2025-05-27 18:00:00,2025-05-27 18:00:00,2025-05-27 18:00:00,0.3655,0.36741,0.85,0.90523,0.9,0.95
2025-05-27 21:00:00,2025-05-27 21:00:00,2025-05-27 21:00:00,0.3655,0.30018,0.85,0.92548,0.9,0.95
2025-05-28 00:00:00,2025-05-28 00:00:00,2025-05-28 00:00:00,0.3655,0.30018,0.85,0.92548,0.9,0.95
2025-05-28 03:00:00,2025-05-28 03:00:00,2025-05-28 03:00:00,0.3655,0.34285,0.85,0.79672,0.9,0.95
2025-05-28 06:00:00,2025-05-28 06:00:00,2025-05-28 06:00:00,0.3655,0.28775,0.85,0.79672,0.9,0.95
2025-05-28 09:00:00,2025-05-28 09:00:00,2025-05-28 09:00:00,0.3655,0.34118,0.85,0.79672,0.9,0.95
2025-05-28 12:00:00,2025-05-28 12:00:00,2025-05-28 12:00:00,0.36553,0.5682,0.85,0.80219,0.9,0.95
2025-05-28 15:00:00,2025-05-28 15:00:00,2025-05-28 15:00:00,0.36561,0.60061,0.85,0.89807,0.9,0.95
2025-05-28 18:00:00,2025-05-28 18:00:00,2025-05-28 18:00:00,0.36573,0.38565,0.85,0.89807,0.9,0.95
2025-05-28 21:00:00,2025-05-28 21:00:00,2025-05-28 21:00:00,0.36588,0.34058,0.85,0.91439,0.9,0.95
2025-05-29 00:00:00,2025-05-29 00:00:00,2025-05-29 00:00:00,0.36607,0.31028,0.85,0.91439,0.9,0.95
2025-05-29 03:00:00,2025-05-29 03:00:00,2025-05-29 03:00:00,0.36629,0.34685,0.85,0.91439,0.9,0.95
2025-05-29 06:00:00,2025-05-29 06:00:00,2025-05-29 06:00:00,0.36654,0.315,0.85,0.82222,0.9,0.95
2025-05-29 09:00:00,2025-05-29 09:00:00,2025-05-29 09:00:00,0.36682,0.35012,0.85,0.82222,0.9,0.95
2025-05-29 12:00:00,2025-05-29 12:00:00,2025-05-29 12:00:00,0.36713,0.55281,0.85,0.83426,0.9,0.95
2025-05-29 15:00:00,2025-05-29 15:00:00,2025-05-29 15:00:00,0.36747,0.54785,0.85,0.92204,0.9,0.95
2025-05-29 18:00:00,2025-05-29 18:00:00,2025-05-29 18:00:00,0.36784,0.38449,0.85,0.92204,0.9,0.95
2025-05-29 21:00:00,2025-05-29 21:00:00,2025-05-29 21:00:00,0.36824,0.33731,0.85,0.90328,0.9,0.95
2025-05-30 00:00:00,2025-05-30 00:00:00,2025-05-30 00:00:00,0.36866,0.30369,0.85,0.90328,0.9,0.95
2025-05-30 03:00:00,2025-05-30 03:00:00,2025-05-30 03:00:00,0.36911,0.34047,0.85,0.90328,0.9,0.95
2025-05-30 06:00:00,2025-05-30 06:00:00,2025-05-30 06:00:00,0.36958,0.29602,0.85,0.81068,0.9,0.95
2025-05-30 09:00:00,2025-05-30 09:00:00,2025-05-30 09:00:00,0.37008,0.34904,0.85,0.81068,0.9,0.95
2025-05-30 12:00:00,2025-05-30 12:00:00,2025-05-30 12:00:00,0.3706,0.60452,0.85,0.82625,0.9,0.95
2025-05-30 15:00:00,2025-05-30 15:00:00,2025-05-30 15:00:00,0.37115,0.61547,0.85,0.82625,0.9,0.95
2025-05-30 18:00:00,2025-05-30 18:00:00,2025-05-30 18:00:00,0.37172,0.38439,0.85,0.92775,0.9,0.95
2025-05-30 21:00:00,2025-05-30 21:00:00,2025-05-30 21:00:00,0.37231,0.30294,0.85,0.92775,0.9,0.95
2025-05-31 00:00:00,2025-05-31 00:00:00,2025-05-31 00:00:00,0.37292,0.32765,0.85,0.88313,0.9,0.95
2025-05-31 03:00:00,2025-05-31 03:00:00,2025-05-31 03:00:00,0.37355,0.33242,0.85,0.88313,0.9,0.95
2025-05-31 06:00:00,2025-05-31 06:00:00,2025-05-31 06:00:00,0.3742,0.36778,0.85,0.7891,0.9,0.95
2025-05-31 09:00:00,2025-05-31 09:00:00,2025-05-31 09:00:00,0.37487,0.30127,0.85,0.7891,0.9,0.95
2025-05-31 12:00:00,2025-05-31 12:00:00,2025-05-31 12:00:00,0.37556,0.6161,0.85,0.82438,0.9,0.95
2025-05-31 15:00:00,2025-05-31 15:00:00,2025-05-31 15:00:00,0.37626,0.64405,0.85,0.82438,0.9,0.95
2025-05-31 18:00:00,2025-05-31 18:00:00,2025-05-31 18:00:00,0.37698,0.37647,0.85,0.92578,0.9,0.95
2025-05-31 21:00:00,2025-05-31 21:00:00,2025-05-31 21:00:00,0.37771,0.31,0.85,0.92578,0.9,0.95
2025-06-01 00:00:00,2025-06-01 00:00:00,2025-06-01 00:00:00,0.37846,0.35787,0.85,0.85822,0.9,0.95
2025-06-01 03:00:00,2025-06-01 03:00:00,2025-06-01 03:00:00,0.37922,0.3089,0.85,0.85822,0.9,0.95
2025-06-01 06:00:00,2025-06-01 06:00:00,2025-06-01 06:00:00,0.38,0.39633,0.85,0.80404,0.9,0.95
2025-06-01 09:00:00,2025-06-01 09:00:00,2025-06-01 09:00:00,0.38079,0.31651,0.85,0.80404,0.9,0.95
2025-06-01 12:00:00,2025-06-01 12:00:00,2025-06-01 12:00:00,0.38158,0.65506,0.85,0.838,0.9,0.95
2025-06-01 15:00:00,2025-06-01 15:00:00,2025-06-01 15:00:00,0.38239,0.63384,0.85,0.838,0.9,0.95
2025-06-01 18:00:00,2025-06-01 18:00:00,2025-06-01 18:00:00,0.38321,0.41875,0.85,0.93911,0.9,0.95
2025-06-01 21:00:00,2025-06-01 21:00:00,2025-06-01 21:00:00,0.38404,0.33933,0.85,0.93911,0.9,0.95
2025-06-02 00:00:00,2025-06-02 00:00:00,2025-06-02 00:00:00,0.38488,0.3793,0.85,0.87977,0.9,0.95
2025-06-02 03:00:00,2025-06-02 03:00:00,2025-06-02 03:00:00,0.38573,0.3261,0.85,0.87977,0.9,0.95
2025-06-02 06:00:00,2025-06-02 06:00:00,2025-06-02 06:00:00,0.38659,0.35587,0.85,0.80404,0.9,0.95
2025-06-02 09:00:00,2025-06-02 09:00:00,2025-06-02 09:00:00,0.38745,0.30099,0.85,0.80404,0.9,0.95
2025-06-02 12:00:00,2025-06-02 12:00:00,2025-06-02 12:00:00,0.38832,0.65379,0.85,0.83086,0.9,0.95
2025-06-02 15:00:00,2025-06-02 15:00:00,2025-06-02 15:00:00,0.3892,0.62921,0.85,0.83086,0.9,0.95
2025-06-02 18:00:00,2025-06-02 18:00:00,2025-06-02 18:00:00,0.39008,0.39755,0.85,0.95446,0.9,0.95
2025-06-02 21:00:00,2025-06-02 21:00:00,2025-06-02 21:00:00,0.39097,0.28908,0.85,0.95446,0.9,0.95
2025-06-03 00:00:00,2025-06-03 00:00:00,2025-06-03 00:00:00,0.39187,0.25725,0.85,0.88147,0.9,0.95
2025-06-03 03:00:00,2025-06-03 03:00:00,2025-06-03 03:00:00,0.39277,0.3274,0.85,0.88147,0.9,0.95
2025-06-03 06:00:00,2025-06-03 06:00:00,2025-06-03 06:00:00,0.39368,0.32708,0.85,0.77939,0.9,0.95
2025-06-03 09:00:00,2025-06-03 09:00:00,2025-06-03 09:00:00,0.39459,0.35518,0.85,0.77939,0.9,0.95
2025-06-03 12:00:00,2025-06-03 12:00:00,2025-06-03 12:00:00,0.3955,0.68008,0.85,0.82625,0.9,0.95
2025-06-03 15:00:00,2025-06-03 15:00:00,2025-06-03 15:00:00,0.39642,0.78741,0.85,0.82625,0.9,0.95
2025-06-03 18:00:00,2025-06-03 18:00:00,2025-06-03 18:00:00,0.39735,0.46523,0.85,0.96032,0.9,0.95
2025-06-03 21:00:00,2025-06-03 21:00:00,2025-06-03 21:00:00,0.39828,0.34588,0.85,0.94863,0.9,0.95
2025-06-04 00:00:00,2025-06-04 00:00:00,2025-06-04 00:00:00,0.39921,0.35563,0.85,0.94863,0.9,0.95
2025-06-04 03:00:00,2025-06-04 03:00:00,2025-06-04 03:00:00,0.40015,0.40883,0.85,0.79782,0.9,0.95
2025-06-04 06:00:00,2025-06-04 06:00:00,2025-06-04 06:00:00,0.40109,0.34097,0.85,0.79782,0.9,0.95
2025-06-04 09:00:00,2025-06-04 09:00:00,2025-06-04 09:00:00,0.40204,0.37267,0.85,0.79782,0.9,0.95
2025-06-04 12:00:00,2025-06-04 12:00:00,2025-06-04 12:00:00,0.40298,0.71807,0.85,0.80623,0.9,0.95
2025-06-04 15:00:00,2025-06-04 15:00:00,2025-06-04 15:00:00,0.40393,0.69704,0.85,0.91666,0.9,0.95
2025-06-04 18:00:00,2025-06-04 18:00:00,2025-06-04 18:00:00,0.40488,0.47061,0.85,0.91666,0.9,0.95
2025-06-04 21:00:00,2025-06-04 21:00:00,2025-06-04 21:00:00,0.40584,0.34188,0.85,0.99191,0.9,0.95
2025-06-05 00:00:00,2025-06-05 00:00:00,2025-06-05 00:00:00,0.4068,0.27411,0.85,0.99191,0.9,0.95
2025-06-05 03:00:00,2025-06-05 03:00:00,2025-06-05 03:00:00,0.40776,0.27698,0.85,0.80881,0.9,0.95
2025-06-05 06:00:00,2025-06-05 06:00:00,2025-06-05 06:00:00,0.40872,0.35825,0.85,0.80881,0.9,0.95
2025-06-05 09:00:00,2025-06-05 09:00:00,2025-06-05 09:00:00,0.40969,0.38552,0.85,0.76386,0.9,0.95
2025-06-05 12:00:00,2025-06-05 12:00:00,2025-06-05 12:00:00,0.41065,0.70074,0.85,0.76386,0.9,0.95
2025-06-05 15:00:00,2025-06-05 15:00:00,2025-06-05 15:00:00,0.41162,0.7711,0.85,0.84802,0.9,0.95
2025-06-05 18:00:00,2025-06-05 18:00:00,2025-06-05 18:00:00,0.41259,0.46519,0.85,0.95833,0.9,0.95
2025-06-05 21:00:00,2025-06-05 21:00:00,2025-06-05 21:00:00,0.41357,0.33906,0.85,0.95833,0.9,0.95
2025-06-06 00:00:00,2025-06-06 00:00:00,2025-06-06 00:00:00,0.41454,0.29989,0.85,0.8207,0.9,0.95
2025-06-06 03:00:00,2025-06-06 03:00:00,2025-06-06 03:00:00,0.41552,0.3257,0.85,0.8207,0.9,0.95
2025-06-06 06:00:00,2025-06-06 06:00:00,2025-06-06 06:00:00,0.4165,0.35975,0.85,0.8207,0.9,0.95
2025-06-06 09:00:00,2025-06-06 09:00:00,2025-06-06 09:00:00,0.41748,0.36434,0.85,0.76208,0.9,0.95
2025-06-06 12:00:00,2025-06-06 12:00:00,2025-06-06 12:00:00,0.41846,0.71563,0.85,0.76208,0.9,0.95
2025-06-06 15:00:00,2025-06-06 15:00:00,2025-06-06 15:00:00,0.41944,0.72029,0.85,0.82289,0.9,0.95
2025-06-06 18:00:00,2025-06-06 18:00:00,2025-06-06 18:00:00,0.42043,0.42196,0.85,0.94096,0.9,0.95
2025-06-06 21:00:00,2025-06-06 21:00:00,2025-06-06 21:00:00,0.42142,0.3488,0.85,0.94096,0.9,0.95
2025-06-07 00:00:00,2025-06-07 00:00:00,2025-06-07 00:00:00,0.4224,0.36786,0.85,0.85123,0.9,0.95
2025-06-07 03:00:00,2025-06-07 03:00:00,2025-06-07 03:00:00,0.42339,0.39055,0.85,0.85123,0.9,0.95
2025-06-07 06:00:00,2025-06-07 06:00:00,2025-06-07 06:00:00,0.42438,0.31381,0.85,0.7909,0.9,0.95
2025-06-07 09:00:00,2025-06-07 09:00:00,2025-06-07 09:00:00,0.42537,0.37076,0.85,0.7909,0.9,0.95
2025-06-07 12:00:00,2025-06-07 12:00:00,2025-06-07 12:00:00,0.42637,0.71296,0.85,0.81917,0.9,0.95
2025-06-07 15:00:00,2025-06-07 15:00:00,2025-06-07 15:00:00,0.42736,0.81191,0.85,0.81917,0.9,0.95
2025-06-07 18:00:00,2025-06-07 18:00:00,2025-06-07 18:00:00,0.42835,0.46047,0.85,0.95236,0.9,0.95
2025-06-07 21:00:00,2025-06-07 21:00:00,2025-06-07 21:00:00,0.42935,0.32961,0.85,0.92953,0.9,0.95
2025-06-08 00:00:00,2025-06-08 00:00:00,2025-06-08 00:00:00,0.43035,0.33272,0.85,0.92953,0.9,0.95
2025-06-08 03:00:00,2025-06-08 03:00:00,2025-06-08 03:00:00,0.43135,0.33946,0.85,0.92953,0.9,0.95
2025-06-08 06:00:00,2025-06-08 06:00:00,2025-06-08 06:00:00,0.43235,0.35157,0.85,0.7891,0.9,0.95
2025-06-08 09:00:00,2025-06-08 09:00:00,2025-06-08 09:00:00,0.43335,0.36946,0.85,0.7891,0.9,0.95
2025-06-08 12:00:00,2025-06-08 12:00:00,2025-06-08 12:00:00,0.43435,0.72966,0.85,0.8077,0.9,0.95
2025-06-08 15:00:00,2025-06-08 15:00:00,2025-06-08 15:00:00,0.43535,0.61328,0.85,0.91102,0.9,0.95
2025-06-08 18:00:00,2025-06-08 18:00:00,2025-06-08 18:00:00,0.43635,0.38304,0.85,0.91102,0.9,0.95
2025-06-08 21:00:00,2025-06-08 21:00:00,2025-06-08 21:00:00,0.43736,0.33697,0.85,0.90523,0.9,0.95
2025-06-09 00:00:00,2025-06-09 00:00:00,2025-06-09 00:00:00,0.43836,0.37896,0.85,0.90523,0.9,0.95
2025-06-09 03:00:00,2025-06-09 03:00:00,2025-06-09 03:00:00,0.43937,0.3784,0.85,0.7891,0.9,0.95
2025-06-09 06:00:00,2025-06-09 06:00:00,2025-06-09 06:00:00,0.44037,0.38231,0.85,0.7891,0.9,0.95
2025-06-09 09:00:00,2025-06-09 09:00:00,2025-06-09 09:00:00,0.44138,0.36133,0.85,0.82103,0.9,0.95
2025-06-09 12:00:00,2025-06-09 12:00:00,2025-06-09 12:00:00,0.44239,0.78966,0.85,0.82103,0.9,0.95
2025-06-09 15:00:00,2025-06-09 15:00:00,2025-06-09 15:00:00,0.4434,0.63932,0.85,0.91296,0.9,0.95
2025-06-09 18:00:00,2025-06-09 18:00:00,2025-06-09 18:00:00,0.44441,0.38856,0.85,0.99195,0.9,0.95
2025-06-09 21:00:00,2025-06-09 21:00:00,2025-06-09 21:00:00,0.44542,0.31276,0.85,0.99195,0.9,0.95
2025-06-10 00:00:00,2025-06-10 00:00:00,2025-06-10 00:00:00,0.44643,0.30235,0.85,0.82899,0.9,0.95
2025-06-10 03:00:00,2025-06-10 03:00:00,2025-06-10 03:00:00,0.44744,0.37398,0.85,0.82899,0.9,0.95
2025-06-10 06:00:00,2025-06-10 06:00:00,2025-06-10 06:00:00,0.44845,0.38929,0.85,0.82899,0.9,0.95
2025-06-10 09:00:00,2025-06-10 09:00:00,2025-06-10 09:00:00,0.44946,0.38841,0.85,0.81769,0.9,0.95
2025-06-10 12:00:00,2025-06-10 12:00:00,2025-06-10 12:00:00,0.45048,0.77352,0.85,0.88359,0.9,0.95
2025-06-10 15:00:00,2025-06-10 15:00:00,2025-06-10 15:00:00,0.45149,0.6392,0.85,0.88359,0.9,0.95
2025-06-10 18:00:00,2025-06-10 18:00:00,2025-06-10 18:00:00,0.45251,0.39759,0.85,1.00204,0.9,0.95
2025-06-10 21:00:00,2025-06-10 21:00:00,2025-06-10 21:00:00,0.45352,0.31768,0.85,1.00204,0.9,0.95
2025-06-11 00:00:00,2025-06-11 00:00:00,2025-06-11 00:00:00,0.45454,0.29837,0.85,0.86012,0.9,0.95
2025-06-11 03:00:00,2025-06-11 03:00:00,2025-06-11 03:00:00,0.45555,0.34836,0.85,0.86012,0.9,0.95
2025-06-11 06:00:00,2025-06-11 06:00:00,2025-06-11 06:00:00,0.45657,0.37741,0.85,0.78584,0.9,0.95
2025-06-11 09:00:00,2025-06-11 09:00:00,2025-06-11 09:00:00,0.45759,0.37909,0.85,0.78584,0.9,0.95
2025-06-11 12:00:00,2025-06-11 12:00:00,2025-06-11 12:00:00,0.45858,0.75917,0.85,0.8349,0.9,0.95
2025-06-11 15:00:00,2025-06-11 15:00:00,2025-06-11 15:00:00,0.45952,0.63001,0.85,0.8349,0.9,0.95
2025-06-11 18:00:00,2025-06-11 18:00:00,2025-06-11 18:00:00,0.46044,0.40164,0.85,0.98189,0.9,0.95
2025-06-11 21:00:00,2025-06-11 21:00:00,2025-06-11 21:00:00,0.46133,0.34159,0.85,0.98189,0.9,0.95
2025-06-12 00:00:00,2025-06-12 00:00:00,2025-06-12 00:00:00,0.4622,0.30594,0.85,0.8566,0.9,0.95
2025-06-12 03:00:00,2025-06-12 03:00:00,2025-06-12 03:00:00,0.46305,0.35441,0.85,0.8566,0.9,0.95
2025-06-12 06:00:00,2025-06-12 06:00:00,2025-06-12 06:00:00,0.46388,0.39397,0.85,0.78441,0.9,0.95
2025-06-12 09:00:00,2025-06-12 09:00:00,2025-06-12 09:00:00,0.4647,0.40293,0.85,0.78441,0.9,0.95
2025-06-12 12:00:00,2025-06-12 12:00:00,2025-06-12 12:00:00,0.4655,0.77023,0.85,0.82932,0.9,0.95
2025-06-12 15:00:00,2025-06-12 15:00:00,2025-06-12 15:00:00,0.46628,0.62185,0.85,0.97797,0.9,0.95
2025-06-12 18:00:00,2025-06-12 18:00:00,2025-06-12 18:00:00,0.46704,0.44338,0.85,0.97797,0.9,0.95
2025-06-12 21:00:00,2025-06-12 21:00:00,2025-06-12 21:00:00,0.46779,0.36062,0.85,0.96607,0.9,0.95
2025-06-13 00:00:00,2025-06-13 00:00:00,2025-06-13 00:00:00,0.46852,0.30213,0.85,0.96607,0.9,0.95
2025-06-13 03:00:00,2025-06-13 03:00:00,2025-06-13 03:00:00,0.46924,0.29599,0.85,0.80073,0.9,0.95
2025-06-13 06:00:00,2025-06-13 06:00:00,2025-06-13 06:00:00,0.46993,0.36374,0.85,0.80073,0.9,0.95
2025-06-13 09:00:00,2025-06-13 09:00:00,2025-06-13 09:00:00,0.47061,0.40212,0.85,0.78805,0.9,0.95
2025-06-13 12:00:00,2025-06-13 12:00:00,2025-06-13 12:00:00,0.47128,0.81486,0.85,0.78805,0.9,0.95
2025-06-13 15:00:00,2025-06-13 15:00:00,2025-06-13 15:00:00,0.47193,0.6458,0.85,0.90927,0.9,0.95
2025-06-13 18:00:00,2025-06-13 18:00:00,2025-06-13 18:00:00,0.47255,0.44211,0.85,1.00405,0.9,0.95
2025-06-13 21:00:00,2025-06-13 21:00:00,2025-06-13 21:00:00,0.47317,0.35079,0.85,1.00405,0.9,0.95
2025-06-14 00:00:00,2025-06-14 00:00:00,2025-06-14 00:00:00,0.47376,0.31989,0.85,0.82562,0.9,0.95
2025-06-14 03:00:00,2025-06-14 03:00:00,2025-06-14 03:00:00,0.47434,0.38508,0.85,0.82562,0.9,0.95
2025-06-14 06:00:00,2025-06-14 06:00:00,2025-06-14 06:00:00,0.4749,0.38508,0.85,0.82562,0.9,0.95
2025-06-14 09:00:00,2025-06-14 09:00:00,2025-06-14 09:00:00,0.47545,0.39973,0.85,0.7812,0.9,0.95
2025-06-14 12:00:00,2025-06-14 12:00:00,2025-06-14 12:00:00,0.47598,0.79234,0.85,0.85525,0.9,0.95
2025-06-14 15:00:00,2025-06-14 15:00:00,2025-06-14 15:00:00,0.47649,0.6522,0.85,0.85525,0.9,0.95
2025-06-14 18:00:00,2025-06-14 18:00:00,2025-06-14 18:00:00,0.47699,0.44242,0.85,1.01845,0.9,0.95
2025-06-14 21:00:00,2025-06-14 21:00:00,2025-06-14 21:00:00,0.47747,0.35423,0.85,1.01845,0.9,0.95
2025-06-15 00:00:00,2025-06-15 00:00:00,2025-06-15 00:00:00,0.47794,0.31873,0.85,0.86362,0.9,0.95
2025-06-15 03:00:00,2025-06-15 03:00:00,2025-06-15 03:00:00,0.47838,0.35683,0.85,0.86362,0.9,0.95
2025-06-15 06:00:00,2025-06-15 06:00:00,2025-06-15 06:00:00,0.47882,0.43273,0.85,0.77939,0.9,0.95
2025-06-15 09:00:00,2025-06-15 09:00:00,2025-06-15 09:00:00,0.47924,0.41643,0.85,0.77939,0.9,0.95
2025-06-15 12:00:00,2025-06-15 12:00:00,2025-06-15 12:00:00,0.47964,0.80261,0.85,0.82779,0.9,0.95
2025-06-15 15:00:00,2025-06-15 15:00:00,2025-06-15 15:00:00,0.48003,0.58045,0.85,0.96228,0.9,0.95
2025-06-15 18:00:00,2025-06-15 18:00:00,2025-06-15 18:00:00,0.48041,0.40718,0.85,0.96228,0.9,0.95
2025-06-15 21:00:00,2025-06-15 21:00:00,2025-06-15 21:00:00,0.48077,0.32412,0.85,0.96221,0.9,0.95
2025-06-16 00:00:00,2025-06-16 00:00:00,2025-06-16 00:00:00,0.48112,0.27673,0.85,0.96221,0.9,0.95
2025-06-16 03:00:00,2025-06-16 03:00:00,2025-06-16 03:00:00,0.48145,0.27032,0.85,0.79417,0.9,0.95
2025-06-16 06:00:00,2025-06-16 06:00:00,2025-06-16 06:00:00,0.48177,0.38792,0.85,0.79417,0.9,0.95
2025-06-16 09:00:00,2025-06-16 09:00:00,2025-06-16 09:00:00,0.48208,0.36674,0.85,0.79417,0.9,0.95
2025-06-16 12:00:00,2025-06-16 12:00:00,2025-06-16 12:00:00,0.48237,0.81171,0.85,0.79128,0.9,0.95
2025-06-16 15:00:00,2025-06-16 15:00:00,2025-06-16 15:00:00,0.48265,0.63469,0.85,0.92219,0.9,0.95
2025-06-16 18:00:00,2025-06-16 18:00:00,2025-06-16 18:00:00,0.48292,0.40112,0.85,0.99191,0.9,0.95
2025-06-16 21:00:00,2025-06-16 21:00:00,2025-06-16 21:00:00,0.48317,0.30624,0.85,0.99191,0.9,0.95
2025-06-17 00:00:00,2025-06-17 00:00:00,2025-06-17 00:00:00,0.48342,0.25604,0.85,0.99191,0.9,0.95
2025-06-17 03:00:00,2025-06-17 03:00:00,2025-06-17 03:00:00,0.48365,0.25031,0.85,0.79379,0.9,0.95
2025-06-17 06:00:00,2025-06-17 06:00:00,2025-06-17 06:00:00,0.48387,0.36348,0.85,0.79379,0.9,0.95
2025-06-17 09:00:00,2025-06-17 09:00:00,2025-06-17 09:00:00,0.48407,0.37263,0.85,0.77658,0.9,0.95
2025-06-17 12:00:00,2025-06-17 12:00:00,2025-06-17 12:00:00,0.48427,0.40865,0.85,0.77658,0.9,0.95
2025-06-17 15:00:00,2025-06-17 15:00:00,2025-06-17 15:00:00,0.48446,0.81358,0.85,0.87811,0.9,0.95
2025-06-17 18:00:00,2025-06-17 18:00:00,2025-06-17 18:00:00,0.48464,0.50247,0.85,1.0061,0.9,0.95
2025-06-17 21:00:00,2025-06-17 21:00:00,2025-06-17 21:00:00,0.4848,0.3599,0.85,1.0061,0.9,0.95
2025-06-18 00:00:00,2025-06-18 00:00:00,2025-06-18 00:00:00,0.48496,0.30362,0.85,0.87073,0.9,0.95
2025-06-18 03:00:00,2025-06-18 03:00:00,2025-06-18 03:00:00,0.48511,0.37418,0.85,0.87073,0.9,0.95
2025-06-18 06:00:00,2025-06-18 06:00:00,2025-06-18 06:00:00,0.48524,0.39129,0.85,0.87073,0.9,0.95
2025-06-18 09:00:00,2025-06-18 09:00:00,2025-06-18 09:00:00,0.48537,0.40461,0.85,0.80917,0.9,0.95
2025-06-18 12:00:00,2025-06-18 12:00:00,2025-06-18 12:00:00,0.48549,0.77876,0.85,0.87477,0.9,0.95
2025-06-18 15:00:00,2025-06-18 15:00:00,2025-06-18 15:00:00,0.48561,0.59101,0.85,0.87477,0.9,0.95
2025-06-18 18:00:00,2025-06-18 18:00:00,2025-06-18 18:00:00,0.48571,0.395,0.85,1,0.9,0.95
2025-06-18 21:00:00,2025-06-18 21:00:00,2025-06-18 21:00:00,0.48581,0.316,0.85,1,0.9,0.95
2025-06-19 00:00:00,2025-06-19 00:00:00,2025-06-19 00:00:00,0.4859,0.28866,0.85,0.87073,0.9,0.95
2025-06-19 03:00:00,2025-06-19 03:00:00,2025-06-19 03:00:00,0.48598,0.38434,0.85,0.87073,0.9,0.95
2025-06-19 06:00:00,2025-06-19 06:00:00,2025-06-19 06:00:00,0.48606,0.37839,0.85,0.79707,0.9,0.95
2025-06-19 09:00:00,2025-06-19 09:00:00,2025-06-19 09:00:00,0.48613,0.38396,0.85,0.79707,0.9,0.95
2025-06-19 12:00:00,2025-06-19 12:00:00,2025-06-19 12:00:00,0.48619,0.78966,0.85,0.85017,0.9,0.95
2025-06-19 15:00:00,2025-06-19 15:00:00,2025-06-19 15:00:00,0.48625,0.58049,0.85,0.98969,0.9,0.95
2025-06-19 18:00:00,2025-06-19 18:00:00,2025-06-19 18:00:00,0.48631,0.40308,0.85,0.98969,0.9,0.95
2025-06-19 21:00:00,2025-06-19 21:00:00,2025-06-19 21:00:00,0.48635,0.3287,0.85,0.93491,0.9,0.95
2025-06-20 00:00:00,2025-06-20 00:00:00,2025-06-20 00:00:00,0.4864,0.36694,0.85,0.93491,0.9,0.95
2025-06-20 03:00:00,2025-06-20 03:00:00,2025-06-20 03:00:00,0.48644,0.45018,0.85,0.79707,0.9,0.95
2025-06-20 06:00:00,2025-06-20 06:00:00,2025-06-20 06:00:00,0.48647,0.36114,0.85,0.79707,0.9,0.95
2025-06-20 09:00:00,2025-06-20 09:00:00,2025-06-20 09:00:00,0.4865,0.41997,0.85,0.81917,0.9,0.95
2025-06-20 12:00:00,2025-06-20 12:00:00,2025-06-20 12:00:00,0.48653,0.85204,0.85,0.81917,0.9,0.95
2025-06-20 15:00:00,2025-06-20 15:00:00,2025-06-20 15:00:00,0.48655,0.59648,0.85,0.89444,0.9,0.95
2025-06-20 18:00:00,2025-06-20 18:00:00,2025-06-20 18:00:00,0.48657,0.39659,0.85,0.98189,0.9,0.95
2025-06-20 21:00:00,2025-06-20 21:00:00,2025-06-20 21:00:00,0.48659,0.31536,0.85,0.98189,0.9,0.95
2025-06-21 00:00:00,2025-06-21 00:00:00,2025-06-21 00:00:00,0.4866,0.29092,0.85,0.83211,0.9,0.95
2025-06-21 03:00:00,2025-06-21 03:00:00,2025-06-21 03:00:00,0.48662,0.38699,0.85,0.83211,0.9,0.95
2025-06-21 06:00:00,2025-06-21 06:00:00,2025-06-21 06:00:00,0.48662,0.41711,0.85,0.7909,0.9,0.95
2025-06-21 09:00:00,2025-06-21 09:00:00,2025-06-21 09:00:00,0.48663,0.38193,0.85,0.7909,0.9,0.95
2025-06-21 12:00:00,2025-06-21 12:00:00,2025-06-21 12:00:00,0.48664,0.76204,0.85,0.84111,0.9,0.95
2025-06-21 15:00:00,2025-06-21 15:00:00,2025-06-21 15:00:00,0.48664,0.64852,0.85,0.84111,0.9,0.95
2025-06-21 18:00:00,2025-06-21 18:00:00,2025-06-21 18:00:00,0.48664,0.40183,0.85,0.96599,0.9,0.95
2025-06-21 21:00:00,2025-06-21 21:00:00,2025-06-21 21:00:00,0.48664,0.31333,0.85,0.96599,0.9,0.95
2025-06-22 00:00:00,2025-06-22 00:00:00,2025-06-22 00:00:00,0.48664,0.29332,0.85,0.86147,0.9,0.95
2025-06-22 03:00:00,2025-06-22 03:00:00,2025-06-22 03:00:00,0.48664,0.33952,0.85,0.86147,0.9,0.95
2025-06-22 06:00:00,2025-06-22 06:00:00,2025-06-22 06:00:00,0.48663,0.40955,0.85,0.79707,0.9,0.95
2025-06-22 09:00:00,2025-06-22 09:00:00,2025-06-22 09:00:00,0.48663,0.409,0.85,0.79707,0.9,0.95
2025-06-22 12:00:00,2025-06-22 12:00:00,2025-06-22 12:00:00,0.48662,0.78878,0.85,0.83955,0.9,0.95
2025-06-22 15:00:00,2025-06-22 15:00:00,2025-06-22 15:00:00,0.48662,0.60929,0.85,0.94488,0.9,0.95
2025-06-22 18:00:00,2025-06-22 18:00:00,2025-06-22 18:00:00,0.48661,0.39591,0.85,0.94488,0.9,0.95
2025-06-22 21:00:00,2025-06-22 21:00:00,2025-06-22 21:00:00,0.4866,0.39462,0.85,0.91069,0.9,0.95
2025-06-23 00:00:00,2025-06-23 00:00:00,2025-06-23 00:00:00,0.4866,0.42341,0.85,0.91069,0.9,0.95
2025-06-23 03:00:00,2025-06-23 03:00:00,2025-06-23 03:00:00,0.48659,0.43227,0.85,0.81366,0.9,0.95
2025-06-23 06:00:00,2025-06-23 06:00:00,2025-06-23 06:00:00,0.48658,0.42125,0.85,0.81366,0.9,0.95
2025-06-23 09:00:00,2025-06-23 09:00:00,2025-06-23 09:00:00,0.48657,0.39833,0.85,0.83769,0.9,0.95
2025-06-23 12:00:00,2025-06-23 12:00:00,2025-06-23 12:00:00,0.48656,0.78577,0.85,0.83769,0.9,0.95
2025-06-23 15:00:00,2025-06-23 15:00:00,2025-06-23 15:00:00,0.48656,0.67137,0.85,0.88868,0.9,0.95
2025-06-23 18:00:00,2025-06-23 18:00:00,2025-06-23 18:00:00,0.48655,0.40792,0.85,0.99796,0.9,0.95
2025-06-23 21:00:00,2025-06-23 21:00:00,2025-06-23 21:00:00,0.48654,0.31482,0.85,0.99796,0.9,0.95
2025-06-24 00:00:00,2025-06-24 00:00:00,2025-06-24 00:00:00,0.48653,0.32422,0.85,0.83211,0.9,0.95
2025-06-24 03:00:00,2025-06-24 03:00:00,2025-06-24 03:00:00,0.48652,0.40664,0.85,0.83211,0.9,0.95
2025-06-24 06:00:00,2025-06-24 06:00:00,2025-06-24 06:00:00,0.48652,0.41808,0.85,0.80587,0.9,0.95
2025-06-24 09:00:00,2025-06-24 09:00:00,2025-06-24 09:00:00,0.48651,0.40534,0.85,0.80587,0.9,0.95
2025-06-24 12:00:00,2025-06-24 12:00:00,2025-06-24 12:00:00,0.4865,0.85338,0.85,0.86553,0.9,0.95
2025-06-24 15:00:00,2025-06-24 15:00:00,2025-06-24 15:00:00,0.4865,0.61014,0.85,1.0143,0.9,0.95
2025-06-24 18:00:00,2025-06-24 18:00:00,2025-06-24 18:00:00,0.48649,0.41305,0.85,1.0143,0.9,0.95
2025-06-24 21:00:00,2025-06-24 21:00:00,2025-06-24 21:00:00,0.48649,0.34547,0.85,0.89595,0.9,0.95
2025-06-25 00:00:00,2025-06-25 00:00:00,2025-06-25 00:00:00,0.48648,0.44358,0.85,0.89595,0.9,0.95
2025-06-25 03:00:00,2025-06-25 03:00:00,2025-06-25 03:00:00,0.48648,0.46615,0.85,0.81917,0.9,0.95
2025-06-25 06:00:00,2025-06-25 06:00:00,2025-06-25 06:00:00,0.48647,0.37545,0.85,0.81917,0.9,0.95
2025-06-25 09:00:00,2025-06-25 09:00:00,2025-06-25 09:00:00,0.48647,0.43763,0.85,0.8486,0.9,0.95
2025-06-25 12:00:00,2025-06-25 12:00:00,2025-06-25 12:00:00,0.48646,0.87526,0.85,0.8486,0.9,0.95
2025-06-25 15:00:00,2025-06-25 15:00:00,2025-06-25 15:00:00,0.48646,0.63259,0.85,0.91278,0.9,0.95
2025-06-25 18:00:00,2025-06-25 18:00:00,2025-06-25 18:00:00,0.48646,0.44195,0.85,0.99796,0.9,0.95
2025-06-25 21:00:00,2025-06-25 21:00:00,2025-06-25 21:00:00,0.48646,0.32433,0.85,0.99796,0.9,0.95
2025-06-26 00:00:00,2025-06-26 00:00:00,2025-06-26 00:00:00,0.48645,0.32379,0.85,0.82528,0.9,0.95
2025-06-26 03:00:00,2025-06-26 03:00:00,2025-06-26 03:00:00,0.48645,0.4098,0.85,0.82528,0.9,0.95
2025-06-26 06:00:00,2025-06-26 06:00:00,2025-06-26 06:00:00,0.48645,0.44007,0.85,0.80881,0.9,0.95
2025-06-26 09:00:00,2025-06-26 09:00:00,2025-06-26 09:00:00,0.48645,0.41574,0.85,0.80881,0.9,0.95
2025-06-26 12:00:00,2025-06-26 12:00:00,2025-06-26 12:00:00,0.48645,0.92211,0.85,0.87287,0.9,0.95
2025-06-26 15:00:00,2025-06-26 15:00:00,2025-06-26 15:00:00,0.48645,0.59249,0.85,1.01017,0.9,0.95
2025-06-26 18:00:00,2025-06-26 18:00:00,2025-06-26 18:00:00,0.48645,0.3925,0.85,1.01017,0.9,0.95
2025-06-26 21:00:00,2025-06-26 21:00:00,2025-06-26 21:00:00,0.48645,0.32731,0.85,0.88505,0.9,0.95
2025-06-27 00:00:00,2025-06-27 00:00:00,2025-06-27 00:00:00,0.48646,0.38991,0.85,0.88505,0.9,0.95
2025-06-27 03:00:00,2025-06-27 03:00:00,2025-06-27 03:00:00,0.48646,0.46277,0.85,0.80219,0.9,0.95
2025-06-27 06:00:00,2025-06-27 06:00:00,2025-06-27 06:00:00,0.48646,0.36012,0.85,0.80219,0.9,0.95
2025-06-27 09:00:00,2025-06-27 09:00:00,2025-06-27 09:00:00,0.48646,0.46616,0.85,0.84485,0.9,0.95
2025-06-27 12:00:00,2025-06-27 12:00:00,2025-06-27 12:00:00,0.48646,0.84885,0.85,0.84485,0.9,0.95
2025-06-27 15:00:00,2025-06-27 15:00:00,2025-06-27 15:00:00,0.48647,0.61633,0.85,0.91619,0.9,0.95
2025-06-27 18:00:00,2025-06-27 18:00:00,2025-06-27 18:00:00,0.48647,0.38274,0.85,0.97785,0.9,0.95
2025-06-27 21:00:00,2025-06-27 21:00:00,2025-06-27 21:00:00,0.48648,0.31499,0.85,0.97785,0.9,0.95
2025-06-28 00:00:00,2025-06-28 00:00:00,2025-06-28 00:00:00,0.48648,0.31831,0.85,0.82528,0.9,0.95
2025-06-28 03:00:00,2025-06-28 03:00:00,2025-06-28 03:00:00,0.48648,0.39062,0.85,0.82528,0.9,0.95
2025-06-28 06:00:00,2025-06-28 06:00:00,2025-06-28 06:00:00,0.48649,0.44553,0.85,0.82256,0.9,0.95
2025-06-28 09:00:00,2025-06-28 09:00:00,2025-06-28 09:00:00,0.48649,0.42468,0.85,0.82256,0.9,0.95
2025-06-28 12:00:00,2025-06-28 12:00:00,2025-06-28 12:00:00,0.4865,0.85942,0.85,0.87452,0.9,0.95
2025-06-28 15:00:00,2025-06-28 15:00:00,2025-06-28 15:00:00,0.48651,0.60985,0.85,0.99394,0.9,0.95
2025-06-28 18:00:00,2025-06-28 18:00:00,2025-06-28 18:00:00,0.48651,0.39269,0.85,0.99394,0.9,0.95
2025-06-28 21:00:00,2025-06-28 21:00:00,2025-06-28 21:00:00,0.48652,0.29988,0.85,0.87406,0.9,0.95
2025-06-29 00:00:00,2025-06-29 00:00:00,2025-06-29 00:00:00,0.48652,0.4605,0.85,0.87406,0.9,0.95
2025-06-29 03:00:00,2025-06-29 03:00:00,2025-06-29 03:00:00,0.48653,0.40485,0.85,0.81551,0.9,0.95
2025-06-29 06:00:00,2025-06-29 06:00:00,2025-06-29 06:00:00,0.48654,0.44561,0.85,0.81551,0.9,0.95
2025-06-29 09:00:00,2025-06-29 09:00:00,2025-06-29 09:00:00,0.48654,0.42662,0.85,0.85178,0.9,0.95
2025-06-29 12:00:00,2025-06-29 12:00:00,2025-06-29 12:00:00,0.48655,0.88023,0.85,0.85178,0.9,0.95
2025-06-29 15:00:00,2025-06-29 15:00:00,2025-06-29 15:00:00,0.48656,0.62457,0.85,0.91652,0.9,0.95
2025-06-29 18:00:00,2025-06-29 18:00:00,2025-06-29 18:00:00,0.48657,0.3949,0.85,0.99796,0.9,0.95
2025-06-29 21:00:00,2025-06-29 21:00:00,2025-06-29 21:00:00,0.48657,0.32783,0.85,0.99796,0.9,0.95
2025-06-30 00:00:00,2025-06-30 00:00:00,2025-06-30 00:00:00,0.48658,0.32317,0.85,0.8566,0.9,0.95
2025-06-30 03:00:00,2025-06-30 03:00:00,2025-06-30 03:00:00,0.48659,0.43951,0.85,0.8566,0.9,0.95
2025-06-30 06:00:00,2025-06-30 06:00:00,2025-06-30 06:00:00,0.4866,0.47259,0.85,0.81551,0.9,0.95
2025-06-30 09:00:00,2025-06-30 09:00:00,2025-06-30 09:00:00,0.48661,0.39824,0.85,0.81551,0.9,0.95
2025-06-30 12:00:00,2025-06-30 12:00:00,2025-06-30 12:00:00,0.48662,0.43613,0.85,0.86414,0.9,0.95
2025-06-30 15:00:00,2025-06-30 15:00:00,2025-06-30 15:00:00,0.48662,1.21715,0.85,0.96032,0.9,0.95
2025-06-30 18:00:00,2025-06-30 18:00:00,2025-06-30 18:00:00,0.48663,0.69307,0.85,1.19024,0.9,0.95
2025-06-30 21:00:00,2025-06-30 21:00:00,2025-06-30 21:00:00,0.48664,0.60071,0.85,0.97601,0.9,0.95
2025-07-01 00:00:00,2025-07-01 00:00:00,2025-07-01 00:00:00,0.48665,0.48601,0.85,0.78805,0.9,0.95
2025-07-01 03:00:00,2025-07-01 03:00:00,2025-07-01 03:00:00,0.48666,0.41274,0.85,0.78805,0.9,0.95
2025-07-01 06:00:00,2025-07-01 06:00:00,2025-07-01 06:00:00,0.48667,0.51535,0.85,0.72503,0.9,0.95
2025-07-01 09:00:00,2025-07-01 09:00:00,2025-07-01 09:00:00,0.48668,0.49506,0.85,0.72503,0.9,0.95
2025-07-01 12:00:00,2025-07-01 12:00:00,2025-07-01 12:00:00,0.48669,0.42376,0.85,0.80291,0.9,0.95
2025-07-01 15:00:00,2025-07-01 15:00:00,2025-07-01 15:00:00,0.4867,0.47202,0.85,0.80291,0.9,0.95
2025-07-01 18:00:00,2025-07-01 18:00:00,2025-07-01 18:00:00,0.48671,0.48805,0.85,0.86251,0.9,0.95
2025-07-01 21:00:00,2025-07-01 21:00:00,2025-07-01 21:00:00,0.48672,0.4556,0.85,0.88761,0.9,0.95
2025-07-02 00:00:00,2025-07-02 00:00:00,2025-07-02 00:00:00,0.48673,0.3915,0.85,0.88761,0.9,0.95
2025-07-02 03:00:00,2025-07-02 03:00:00,2025-07-02 03:00:00,0.48674,0.45356,0.85,0.85422,0.9,0.95
2025-07-02 06:00:00,2025-07-02 06:00:00,2025-07-02 06:00:00,0.48675,0.38453,0.85,0.85422,0.9,0.95
2025-07-02 09:00:00,2025-07-02 09:00:00,2025-07-02 09:00:00,0.48676,0.42877,0.85,0.84016,0.9,0.95
2025-07-02 12:00:00,2025-07-02 12:00:00,2025-07-02 12:00:00,0.48677,0.53691,0.85,0.84016,0.9,0.95
2025-07-02 15:00:00,2025-07-02 15:00:00,2025-07-02 15:00:00,0.48678,1.2002,0.85,0.88551,0.9,0.95
2025-07-02 18:00:00,2025-07-02 18:00:00,2025-07-02 18:00:00,0.48679,0.66614,0.85,1.04763,0.9,0.95
2025-07-02 21:00:00,2025-07-02 21:00:00,2025-07-02 21:00:00,0.4868,0.51035,0.85,1.07112,0.9,0.95
2025-07-03 00:00:00,2025-07-03 00:00:00,2025-07-03 00:00:00,0.48681,0.41863,0.85,0.84172,0.9,0.95
2025-07-03 03:00:00,2025-07-03 03:00:00,2025-07-03 03:00:00,0.48682,0.46207,0.85,0.84172,0.9,0.95
2025-07-03 06:00:00,2025-07-03 06:00:00,2025-07-03 06:00:00,0.48683,0.45839,0.85,0.75177,0.9,0.95
2025-07-03 09:00:00,2025-07-03 09:00:00,2025-07-03 09:00:00,0.48684,0.42357,0.85,0.75177,0.9,0.95
2025-07-03 12:00:00,2025-07-03 12:00:00,2025-07-03 12:00:00,0.48685,0.46,0.85,0.79346,0.9,0.95
2025-07-03 15:00:00,2025-07-03 15:00:00,2025-07-03 15:00:00,0.48686,0.4388,0.85,0.85048,0.9,0.95
2025-07-03 18:00:00,2025-07-03 18:00:00,2025-07-03 18:00:00,0.48687,0.37504,0.85,0.85048,0.9,0.95
2025-07-03 21:00:00,2025-07-03 21:00:00,2025-07-03 21:00:00,0.48688,0.41682,0.85,0.88573,0.9,0.95
2025-07-04 00:00:00,2025-07-04 00:00:00,2025-07-04 00:00:00,0.48689,0.42901,0.85,0.88573,0.9,0.95
2025-07-04 03:00:00,2025-07-04 03:00:00,2025-07-04 03:00:00,0.4869,0.43183,0.85,0.89656,0.9,0.95
2025-07-04 06:00:00,2025-07-04 06:00:00,2025-07-04 06:00:00,0.48691,0.42973,0.85,0.89656,0.9,0.95
2025-07-04 09:00:00,2025-07-04 09:00:00,2025-07-04 09:00:00,0.48692,0.41492,0.85,0.91121,0.9,0.95
2025-07-04 12:00:00,2025-07-04 12:00:00,2025-07-04 12:00:00,0.48693,0.95594,0.85,0.91121,0.9,0.95
2025-07-04 15:00:00,2025-07-04 15:00:00,2025-07-04 15:00:00,0.48694,0.95061,0.85,0.94822,0.9,0.95
2025-07-04 18:00:00,2025-07-04 18:00:00,2025-07-04 18:00:00,0.48695,0.59423,0.85,1.15068,0.9,0.95
2025-07-04 21:00:00,2025-07-04 21:00:00,2025-07-04 21:00:00,0.48696,0.49936,0.85,1.02458,0.9,0.95
2025-07-05 00:00:00,2025-07-05 00:00:00,2025-07-05 00:00:00,0.48697,0.42542,0.85,0.80291,0.9,0.95
2025-07-05 03:00:00,2025-07-05 03:00:00,2025-07-05 03:00:00,0.48698,0.46813,0.85,0.80291,0.9,0.95
2025-07-05 06:00:00,2025-07-05 06:00:00,2025-07-05 06:00:00,0.48699,0.44445,0.85,0.74822,0.9,0.95
2025-07-05 09:00:00,2025-07-05 09:00:00,2025-07-05 09:00:00,0.487,0.4536,0.85,0.74822,0.9,0.95
2025-07-05 12:00:00,2025-07-05 12:00:00,2025-07-05 12:00:00,0.48701,0.42775,0.85,0.79311,0.9,0.95
2025-07-05 15:00:00,2025-07-05 15:00:00,2025-07-05 15:00:00,0.48702,0.50638,0.85,0.79311,0.9,0.95
2025-07-05 18:00:00,2025-07-05 18:00:00,2025-07-05 18:00:00,0.48703,0.40159,0.85,0.84515,0.9,0.95
2025-07-05 21:00:00,2025-07-05 21:00:00,2025-07-05 21:00:00,0.48704,0.46663,0.85,0.84515,0.9,0.95
2025-07-06 00:00:00,2025-07-06 00:00:00,2025-07-06 00:00:00,0.48705,0.40824,0.85,0.87147,0.9,0.95
2025-07-06 03:00:00,2025-07-06 03:00:00,2025-07-06 03:00:00,0.48706,0.43228,0.85,0.87147,0.9,0.95
2025-07-06 06:00:00,2025-07-06 06:00:00,2025-07-06 06:00:00,0.48707,0.45261,0.85,0.88573,0.9,0.95
2025-07-06 09:00:00,2025-07-06 09:00:00,2025-07-06 09:00:00,0.48708,0.36171,0.85,0.891,0.9,0.95
2025-07-06 12:00:00,2025-07-06 12:00:00,2025-07-06 12:00:00,0.48709,0.95769,0.85,0.891,0.9,0.95
2025-07-06 15:00:00,2025-07-06 15:00:00,2025-07-06 15:00:00,0.4871,0.78621,0.85,1.13174,0.9,0.95
2025-07-06 18:00:00,2025-07-06 18:00:00,2025-07-06 18:00:00,0.48711,0.5723,0.85,1.13174,0.9,0.95
2025-07-06 21:00:00,2025-07-06 21:00:00,2025-07-06 21:00:00,0.48712,0.47699,0.85,0.99796,0.9,0.95
2025-07-07 00:00:00,2025-07-07 00:00:00,2025-07-07 00:00:00,0.48714,0.42282,0.85,0.79273,0.9,0.95
2025-07-07 03:00:00,2025-07-07 03:00:00,2025-07-07 03:00:00,0.48715,0.50482,0.85,0.79273,0.9,0.95
2025-07-07 06:00:00,2025-07-07 06:00:00,2025-07-07 06:00:00,0.48716,0.47107,0.85,0.75134,0.9,0.95
2025-07-07 09:00:00,2025-07-07 09:00:00,2025-07-07 09:00:00,0.48717,0.46536,0.85,0.75134,0.9,0.95
2025-07-07 12:00:00,2025-07-07 12:00:00,2025-07-07 12:00:00,0.48718,0.45509,0.85,0.80623,0.9,0.95
2025-07-07 15:00:00,2025-07-07 15:00:00,2025-07-07 15:00:00,0.48719,0.46561,0.85,0.80623,0.9,0.95
2025-07-07 18:00:00,2025-07-07 18:00:00,2025-07-07 18:00:00,0.4872,0.34083,0.85,0.86605,0.9,0.95
2025-07-07 21:00:00,2025-07-07 21:00:00,2025-07-07 21:00:00,0.48721,0.46783,0.85,0.86605,0.9,0.95
2025-07-08 00:00:00,2025-07-08 00:00:00,2025-07-08 00:00:00,0.48722,0.41346,0.85,0.86958,0.9,0.95
2025-07-08 03:00:00,2025-07-08 03:00:00,2025-07-08 03:00:00,0.48723,0.42737,0.85,0.86958,0.9,0.95
2025-07-08 06:00:00,2025-07-08 06:00:00,2025-07-08 06:00:00,0.48724,0.44205,0.85,0.88214,0.9,0.95
2025-07-08 09:00:00,2025-07-08 09:00:00,2025-07-08 09:00:00,0.48725,0.38056,0.85,0.88932,0.9,0.95
2025-07-08 12:00:00,2025-07-08 12:00:00,2025-07-08 12:00:00,0.48726,0.8818,0.85,0.88932,0.9,0.95
2025-07-08 15:00:00,2025-07-08 15:00:00,2025-07-08 15:00:00,0.48727,0.89211,0.85,0.92578,0.9,0.95
2025-07-08 18:00:00,2025-07-08 18:00:00,2025-07-08 18:00:00,0.48728,0.55681,0.85,1.11564,0.9,0.95
2025-07-08 21:00:00,2025-07-08 21:00:00,2025-07-08 21:00:00,0.48729,0.4618,0.85,0.94674,0.9,0.95
2025-07-09 00:00:00,2025-07-09 00:00:00,2025-07-09 00:00:00,0.4873,0.40735,0.85,0.94674,0.9,0.95
2025-07-09 03:00:00,2025-07-09 03:00:00,2025-07-09 03:00:00,0.4873,0.53035,0.85,0.79128,0.9,0.95
2025-07-09 06:00:00,2025-07-09 06:00:00,2025-07-09 06:00:00,0.48731,0.39246,0.85,0.79128,0.9,0.95
2025-07-09 09:00:00,2025-07-09 09:00:00,2025-07-09 09:00:00,0.48732,0.44917,0.85,0.80109,0.9,0.95
2025-07-09 12:00:00,2025-07-09 12:00:00,2025-07-09 12:00:00,0.48733,0.43141,0.85,0.80109,0.9,0.95
2025-07-09 15:00:00,2025-07-09 15:00:00,2025-07-09 15:00:00,0.48734,0.45788,0.85,0.84328,0.9,0.95
2025-07-09 18:00:00,2025-07-09 18:00:00,2025-07-09 18:00:00,0.48735,0.40091,0.85,0.84328,0.9,0.95
2025-07-09 21:00:00,2025-07-09 21:00:00,2025-07-09 21:00:00,0.48736,0.39126,0.85,0.87857,0.9,0.95
2025-07-10 00:00:00,2025-07-10 00:00:00,2025-07-10 00:00:00,0.48737,0.43544,0.85,0.87857,0.9,0.95
2025-07-10 03:00:00,2025-07-10 03:00:00,2025-07-10 03:00:00,0.48738,0.42256,0.85,0.87667,0.9,0.95
2025-07-10 06:00:00,2025-07-10 06:00:00,2025-07-10 06:00:00,0.48739,0.46342,0.85,0.88381,0.9,0.95
2025-07-10 09:00:00,2025-07-10 09:00:00,2025-07-10 09:00:00,0.4874,0.35619,0.85,0.88381,0.9,0.95
2025-07-10 12:00:00,2025-07-10 12:00:00,2025-07-10 12:00:00,0.48741,0.38069,0.85,0.89656,0.9,0.95
2025-07-10 15:00:00,2025-07-10 15:00:00,2025-07-10 15:00:00,0.48742,0.11864,0.85,0.89656,0.9,0.95
2025-07-10 18:00:00,2025-07-10 18:00:00,2025-07-10 18:00:00,0.48743,0.04535,0.85,0.89656,0.9,0.95
2025-07-10 21:00:00,2025-07-10 21:00:00,2025-07-10 21:00:00,0.48744,0.02215,0.85,0.89656,0.9,0.95
2025-07-11 00:00:00,2025-07-11 00:00:00,2025-07-11 00:00:00,0.48745,0.00527,0.85,0.89656,0.9,0.95
2025-07-11 03:00:00,2025-07-11 03:00:00,2025-07-11 03:00:00,0.48746,0,0.85,0.89656,0.9,0.95
2025-07-11 06:00:00,2025-07-11 06:00:00,2025-07-11 06:00:00,0.48747,0,0.85,0.89656,0.9,0.95
2025-07-11 09:00:00,2025-07-11 09:00:00,2025-07-11 09:00:00,0.48747,0,0.85,0.89656,0.9,0.95
2025-07-11 12:00:00,2025-07-11 12:00:00,2025-07-11 12:00:00,0.48748,0,0.85,0.89656,0.9,0.95
2025-07-11 15:00:00,2025-07-11 15:00:00,2025-07-11 15:00:00,0.48749,0,0.85,0.89656,0.9,0.95
2025-07-11 18:00:00,2025-07-11 18:00:00,2025-07-11 18:00:00,0.4875,0,0.85,0.89656,0.9,0.95
2025-07-11 21:00:00,2025-07-11 21:00:00,2025-07-11 21:00:00,0.48751,0,0.85,0.89656,0.9,0.95
2025-07-12 00:00:00,2025-07-12 00:00:00,2025-07-12 00:00:00,0.48752,0,0.85,0.89656,0.9,0.95
2025-07-12 03:00:00,2025-07-12 03:00:00,2025-07-12 03:00:00,0.48753,0,0.85,0.89656,0.9,0.95
2025-07-12 06:00:00,2025-07-12 06:00:00,2025-07-12 06:00:00,0.48754,0,0.85,0.89656,0.9,0.95
2025-07-12 09:00:00,2025-07-12 09:00:00,2025-07-12 09:00:00,0.48755,0,0.85,0.89656,0.9,0.95
2025-07-12 12:00:00,2025-07-12 11:00:00,2025-07-12 11:45:00,0.48755,0,0.85,0.89656,0.9,0.95
2025-07-12 15:00:00,2025-07-12 11:00:00,2025-07-12 11:45:00,0.48755,0,0.85,0.89656,0.9,0.95
2025-07-12 18:00:00,2025-07-12 11:00:00,2025-07-12 11:45:00,0.48755,0,0.85,0.89656,0.9,0.95
2025-07-12 21:00:00,2025-07-12 11:00:00,2025-07-12 11:45:00,0.48755,0,0.85,0.89656,0.9,0.95
2025-07-13 00:00:00,2025-07-12 11:00:00,2025-07-12 11:45:00,0.48755,0,0.85,0.89656,0.9,0.95
2025-07-13 03:00:00,2025-07-12 11:00:00,2025-07-12 11:45:00,0.48755,0,0.85,0.89656,0.9,0.95
2025-07-13 06:00:00,2025-07-12 11:00:00,2025-07-12 11:45:00,0.48755,0,0.85,0.89656,0.9,0.95
2025-07-13 09:00:00,2025-07-12 11:00:00,2025-07-12 11:45:00,0.48755,0,0.85,0.89656,0.9,0.95
2025-07-13 12:00:00,2025-07-12 11:00:00,2025-07-12 11:45:00,0.48755,0,0.85,0.89656,0.9,0.95
2025-07-13 15:00:00,2025-07-12 11:00:00,2025-07-12 11:45:00,0.48755,0,0.85,0.89656,0.9,0.95
2025-07-13 18:00:00,2025-07-12 11:00:00,2025-07-12 11:45:00,0.48755,0,0.85,0.89656,0.9,0.95
2025-07-13 21:00:00,2025-07-12 11:00:00,2025-07-12 11:45:00,0.48755,0,0.85,0.89656,0.9,0.95
2025-07-14 00:00:00,2025-07-12 11:00:00,2025-07-12 11:45:00,0.48755,0,0.85,0.89656,0.9,0.95
2025-07-14 03:00:00,2025-07-12 11:00:00,2025-07-12 11:45:00,0.48755,0,0.85,0.89656,0.9,0.95
2025-07-14 06:00:00,2025-07-12 11:00:00,2025-07-12 11:45:00,0.48755,0,0.85,0.89656,0.9,0.95
2025-07-14 09:00:00,2025-07-12 11:00:00,2025-07-12 11:45:00,0.48755,0,0.85,0.89656,0.9,0.95
2025-07-14 12:00:00,2025-07-12 11:00:00,2025-07-12 11:45:00,0.48755,0,0.85,0.89656,0.9,0.95
