Timestamp,active,ch4_error,co2/ch4_error,c2/ch4-Trlow,co2/ch4_TrHigh,final_control_signal,tot_on_periods,on_seconds_ini,off_seconds_ini
2025-05-13 18:00:00,Header,-0.19936,0.08116,-0.13116,-0.18116,5,0,0,10800
2025-05-13 21:00:00,Header,-0.11724,-0.01469,-0.03531,-0.08531,5,0,0,10800
2025-05-14 00:00:00,Header,-0.08516,-0.01469,-0.03531,-0.08531,5,0,0,10800
2025-05-14 03:00:00,Header,-0.08081,0.04742,-0.09742,-0.14742,5,0,0,10800
2025-05-14 06:00:00,Header,-0.06559,0.04743,-0.09743,-0.14743,10.8036,0,0,10800
2025-05-14 09:00:00,Header,-0.06534,0.11369,-0.16369,-0.21369,11.1325,0,0,10800
2025-05-14 12:00:00,Header,-0.25542,0.11369,-0.16369,-0.21369,5,0,0,10800
2025-05-14 15:00:00,Header,-0.34382,0.1119,-0.1619,-0.2119,5,0,0,10800
2025-05-14 18:00:00,Header,-0.16515,-0.03713,-0.01287,-0.06287,5,0,0,10800
2025-05-14 21:00:00,Header,-0.12305,-0.03713,-0.01287,-0.06287,5,0,0,10800
2025-05-15 00:00:00,Header,-0.07765,-0.0334,-0.0166,-0.0666,5,0,0,10800
2025-05-15 03:00:00,Header,-0.05213,-0.0334,-0.0166,-0.0666,29.1064,1,19,10773
2025-05-15 06:00:00,Header,-0.0478,0.0626,-0.1126,-0.1626,34.9965,1,19,10773
2025-05-15 09:00:00,Header,-0.04067,0.0626,-0.1126,-0.1626,44.6878,1,19,10773
2025-05-15 12:00:00,Header,-0.17737,0.12956,-0.17956,-0.22956,5,0,0,10800
2025-05-15 15:00:00,Header,-0.31653,0.08926,-0.13926,-0.18926,5,0,0,10800
2025-05-15 18:00:00,Header,-0.19691,0.08926,-0.13926,-0.18926,5,0,0,10800
2025-05-15 21:00:00,Follower,-0.13662,-0.12563,0.07563,0.02563,5,0,0,10800
2025-05-16 00:00:00,Follower,-0.08624,-0.12563,0.07563,0.02563,5,0,0,10800
2025-05-16 03:00:00,Header,-0.06043,-0.08505,0.03505,-0.01495,58.9088,1,19,10773
2025-05-16 06:00:00,Header,-0.07366,-0.01917,-0.03083,-0.08083,49.914,1,19,10773
2025-05-16 09:00:00,Header,-0.04397,-0.01917,-0.03083,-0.08083,70.0984,1,19,10773
2025-05-16 12:00:00,Header,-0.21574,0.0109,-0.0609,-0.1109,5,0,0,10800
2025-05-16 15:00:00,Header,-0.37001,0.0109,-0.0609,-0.1109,5,0,0,10800
2025-05-16 18:00:00,Header,-0.18392,-0.06362,0.01362,-0.03638,5,0,0,10800
2025-05-16 21:00:00,Follower,-0.1102,-0.14852,0.09852,0.04852,5,0,0,10800
2025-05-17 00:00:00,Follower,-0.06914,-0.14852,0.09852,0.04852,5,0,0,10800
2025-05-17 03:00:00,Header,-0.04938,-0.07262,0.02262,-0.02738,66.4237,1,19,10773
2025-05-17 06:00:00,Header,-0.03923,-0.07262,0.02262,-0.02738,73.3225,1,19,10773
2025-05-17 09:00:00,Header,-0.0586,0.00583,-0.05583,-0.10583,60.1494,1,19,10773
2025-05-17 12:00:00,Header,-0.25925,0.00583,-0.05583,-0.10583,5,0,0,10800
2025-05-17 15:00:00,Header,-0.36632,0.01416,-0.06416,-0.11416,5,0,0,10800
2025-05-17 18:00:00,Follower,-0.05171,-0.12927,0.07927,0.02927,5,0,0,10800
2025-05-17 21:00:00,Follower,-0.02009,-0.12927,0.07927,0.02927,5,0,0,10800
2025-05-18 00:00:00,Follower,-0.00168,-0.11439,0.06439,0.01439,5,0,0,10800
2025-05-18 03:00:00,Follower,0.02026,-0.11439,0.06439,0.01439,5,0,0,10800
2025-05-18 06:00:00,Follower,0.0469,-0.11439,0.06439,0.01439,5,0,0,10800
2025-05-18 09:00:00,Header,0.05348,-0.00734,-0.04266,-0.09266,136.366,3,19,3572
2025-05-18 12:00:00,Header,-0.13022,-0.00734,-0.04266,-0.09266,11.4529,0,0,10800
2025-05-18 15:00:00,Header,-0.16245,0.00073,-0.05073,-0.10073,5,0,0,10800
2025-05-18 18:00:00,Header,-0.07519,0.00073,-0.05073,-0.10073,48.8677,1,19,10773
2025-05-18 21:00:00,Follower,-0.01246,-0.11799,0.06799,0.01799,5,0,0,10800
2025-05-19 00:00:00,Follower,0.00735,-0.11799,0.06799,0.01799,5,0,0,10800
2025-05-19 03:00:00,Header,0.0143,-0.04775,-0.00225,-0.05225,109.723,2,19,5377
2025-05-19 06:00:00,Header,0.0354,-0.04775,-0.00225,-0.05225,124.075,2,19,5377
2025-05-19 09:00:00,Header,0.063,-0.04775,-0.00225,-0.05225,142.843,3,19,3572
2025-05-19 12:00:00,Header,-0.13787,0.01416,-0.06416,-0.11416,6.24892,0,0,10800
2025-05-19 15:00:00,Header,-0.19287,-0.0499,-0.0001,-0.0501,5,0,0,10800
2025-05-19 18:00:00,Header,-0.07017,-0.0499,-0.0001,-0.0501,52.2871,1,19,10773
2025-05-19 21:00:00,Follower,-0.00924,-0.17988,0.12988,0.07988,1,0,0,10800
2025-05-20 00:00:00,Follower,0.02511,-0.17988,0.12988,0.07988,1,0,0,10800
2025-05-20 03:00:00,Header,0.03723,-0.06717,0.01717,-0.03283,125.314,2,19,5377
2025-05-20 06:00:00,Header,0.06829,-0.06717,0.01717,-0.03283,146.437,3,19,3572
2025-05-20 09:00:00,Header,0.09025,-0.06717,0.01717,-0.03283,161.368,3,19,3572
2025-05-20 12:00:00,Header,-0.15969,0.01597,-0.06597,-0.11597,1,0,0,10800
2025-05-20 15:00:00,Header,-0.16439,-0.05877,0.00877,-0.04123,1,0,0,10800
2025-05-20 18:00:00,Header,-0.05195,-0.05877,0.00877,-0.04123,64.6725,1,20,10780
2025-05-20 21:00:00,Follower,0.02703,-0.13502,0.08502,0.03502,1,0,0,10800
2025-05-21 00:00:00,Follower,0.07199,-0.13502,0.08502,0.03502,1,0,0,10800
2025-05-21 03:00:00,Follower,0.12677,-0.13502,0.08502,0.03502,1,0,0,10800
2025-05-21 06:00:00,Header,0.14389,0.01779,-0.06779,-0.11779,197.846,4,20,2680
2025-05-21 09:00:00,Header,0.04345,0.01779,-0.06779,-0.11779,129.548,3,20,3580
2025-05-21 12:00:00,Header,-0.21545,0.09777,-0.14777,-0.19777,1,0,0,10800
2025-05-21 15:00:00,Header,-0.15438,0.09777,-0.14777,-0.19777,1,0,0,10800
2025-05-21 18:00:00,Header,-0.00894,-0.07009,0.02009,-0.02991,93.9212,2,20,5380
2025-05-21 21:00:00,Header,0.01606,-0.07009,0.02009,-0.02991,110.92,2,20,5380
2025-05-22 00:00:00,Header,0.03313,-0.01529,-0.03471,-0.08471,122.531,2,20,5380
2025-05-22 03:00:00,Header,0.06423,-0.01529,-0.03471,-0.08471,143.675,3,20,3580
2025-05-22 06:00:00,Header,0.02295,-0.01529,-0.03471,-0.08471,115.603,2,20,5380
2025-05-22 09:00:00,Header,0.06064,0.0591,-0.1091,-0.1591,141.238,3,20,3580
2025-05-22 12:00:00,Header,-0.23809,0.0591,-0.1091,-0.1591,1,0,0,10800
2025-05-22 15:00:00,Header,-0.14917,0.012,-0.062,-0.112,1,0,0,10800
2025-05-22 18:00:00,Header,-0.02404,0.012,-0.062,-0.112,83.6556,2,20,5380
2025-05-22 21:00:00,Follower,0.03122,-0.10633,0.05633,0.00633,1,0,0,10800
2025-05-23 00:00:00,Follower,0.09154,-0.10633,0.05633,0.00633,1,0,0,10800
2025-05-23 03:00:00,Header,0.12536,0.01789,-0.06789,-0.11789,185.242,4,20,2680
2025-05-23 06:00:00,Header,0.04839,0.01789,-0.06789,-0.11789,132.908,3,20,3580
2025-05-23 09:00:00,Header,0.02929,0.01789,-0.06789,-0.11789,119.917,2,20,5380
2025-05-23 12:00:00,Header,-0.22339,0.07383,-0.12383,-0.17383,1,0,0,10800
2025-05-23 15:00:00,Header,-0.12385,-0.04635,-0.00365,-0.05365,15.7834,0,0,10800
2025-05-23 18:00:00,Header,0.00324,-0.04635,-0.00365,-0.05365,102.202,2,20,5380
2025-05-23 21:00:00,Header,0.0382,-0.07171,0.02171,-0.02829,125.976,3,20,3580
2025-05-24 00:00:00,Header,0.02103,-0.07171,0.02171,-0.02829,114.299,2,20,5380
2025-05-24 03:00:00,Header,0.0663,-0.07171,0.02171,-0.02829,145.084,3,20,3580
2025-05-24 06:00:00,Header,0.0037,0.03968,-0.08968,-0.13968,102.513,2,20,5380
2025-05-24 09:00:00,Header,0.07827,0.03968,-0.08968,-0.13968,153.222,3,20,3580
2025-05-24 12:00:00,Header,-0.17749,0.03416,-0.08416,-0.13416,1,0,0,10800
2025-05-24 15:00:00,Header,-0.20723,0.03416,-0.08416,-0.13416,1,0,0,10800
2025-05-24 18:00:00,Header,-0.00954,-0.05909,0.00909,-0.04091,93.5139,2,20,5380
2025-05-24 21:00:00,Header,0.04598,-0.05909,0.00909,-0.04091,131.27,3,20,3580
2025-05-25 12:00:00,Header,-0.20106,0.01261,-0.06261,-0.11261,1,0,0,10800
2025-05-25 15:00:00,Header,-0.19507,0.01261,-0.06261,-0.11261,1,0,0,10800
2025-05-25 18:00:00,Follower,0.0008,-0.10229,0.05229,0.00229,1,0,0,10800
2025-05-25 21:00:00,Follower,0.07917,-0.10229,0.05229,0.00229,1,0,0,10800
2025-05-26 00:00:00,Header,0.11893,-0.01147,-0.03853,-0.08853,180.869,4,20,2680
2025-05-26 03:00:00,Header,0.04318,-0.01147,-0.03853,-0.08853,129.361,3,20,3580
2025-05-26 06:00:00,Header,0.04479,-0.01147,-0.03853,-0.08853,130.457,3,20,3580
2025-05-26 09:00:00,Header,0.02985,0.05946,-0.10946,-0.15946,120.298,2,20,5380
2025-05-26 12:00:00,Header,-0.21365,0.05946,-0.10946,-0.15946,1,0,0,10800
2025-05-26 15:00:00,Header,-0.21017,-0.0139,-0.0361,-0.0861,1,0,0,10800
2025-05-26 18:00:00,Header,-0.04976,-0.0139,-0.0361,-0.0861,66.1652,1,20,10780
2025-05-26 21:00:00,Header,0.05572,-0.09655,0.04655,-0.00345,137.891,3,20,3580
2025-05-27 00:00:00,Header,0.07267,-0.09655,0.04655,-0.00345,149.419,3,20,3580
2025-05-27 03:00:00,Header,0.00561,0.02165,-0.07165,-0.12165,103.817,2,20,5380
2025-05-27 06:00:00,Header,0.05101,0.02165,-0.07165,-0.12165,134.686,3,20,3580
2025-05-27 09:00:00,Header,0.03815,0.02625,-0.07625,-0.12625,125.944,3,20,3580
2025-05-27 12:00:00,Header,-0.25959,0.02625,-0.07625,-0.12625,1,0,0,10800
2025-05-27 15:00:00,Header,-0.16357,-0.05523,0.00523,-0.04477,1,0,0,10800
2025-05-27 18:00:00,Header,-0.00191,-0.05523,0.00523,-0.04477,98.7007,2,20,5380
2025-05-27 21:00:00,Header,0.06531,-0.07548,0.02548,-0.02452,144.413,3,20,3580
2025-05-28 00:00:00,Header,0.06531,-0.07548,0.02548,-0.02452,144.413,3,20,3580
2025-05-28 03:00:00,Header,0.02265,0.05328,-0.10328,-0.15328,115.402,2,20,5380
2025-05-28 06:00:00,Header,0.07775,0.05328,-0.10328,-0.15328,152.87,3,20,3580
2025-05-28 09:00:00,Header,0.02432,0.05328,-0.10328,-0.15328,116.537,2,20,5380
2025-05-28 12:00:00,Header,-0.20267,0.04781,-0.09781,-0.14781,1,0,0,10800
2025-05-28 15:00:00,Header,-0.235,-0.04807,-0.00193,-0.05193,1,0,0,10800
2025-05-28 18:00:00,Header,-0.01993,-0.04807,-0.00193,-0.05193,86.4494,2,20,5380
2025-05-28 21:00:00,Header,0.0253,-0.06439,0.01439,-0.03561,117.206,2,20,5380
2025-05-29 00:00:00,Header,0.05579,-0.06439,0.01439,-0.03561,137.936,3,20,3580
2025-05-29 03:00:00,Header,0.01944,-0.06439,0.01439,-0.03561,113.221,2,20,5380
2025-05-29 06:00:00,Header,0.05154,0.02778,-0.07778,-0.12778,135.048,3,20,3580
2025-05-29 09:00:00,Header,0.0167,0.02778,-0.07778,-0.12778,111.358,2,20,5380
2025-05-29 12:00:00,Header,-0.18568,0.01574,-0.06574,-0.11574,1,0,0,10800
2025-05-29 15:00:00,Header,-0.18038,-0.07204,0.02204,-0.02796,1,0,0,10800
2025-05-29 18:00:00,Header,-0.01665,-0.07204,0.02204,-0.02796,88.6793,2,20,5380
2025-05-29 21:00:00,Header,0.03092,-0.05328,0.00328,-0.04672,121.028,2,20,5380
2025-05-30 00:00:00,Header,0.06497,-0.05328,0.00328,-0.04672,144.182,3,20,3580
2025-05-30 03:00:00,Header,0.02864,-0.05328,0.00328,-0.04672,119.477,2,20,5380
2025-05-30 06:00:00,Header,0.07356,0.03932,-0.08932,-0.13932,150.021,3,20,3580
2025-05-30 09:00:00,Header,0.02104,0.03932,-0.08932,-0.13932,114.307,2,20,5380
2025-05-30 12:00:00,Header,-0.23392,0.02375,-0.07375,-0.12375,1,0,0,10800
2025-05-30 15:00:00,Header,-0.24432,0.02375,-0.07375,-0.12375,1,0,0,10800
2025-05-30 18:00:00,Header,-0.01267,-0.07775,0.02775,-0.02225,91.3841,2,20,5380
2025-05-30 21:00:00,Header,0.06936,-0.07775,0.02775,-0.02225,147.167,3,20,3580
2025-05-31 00:00:00,Header,0.04527,-0.03313,-0.01687,-0.06687,130.787,3,20,3580
2025-05-31 03:00:00,Header,0.04113,-0.03313,-0.01687,-0.06687,127.967,3,20,3580
2025-05-31 06:00:00,Header,0.00642,0.0609,-0.1109,-0.1609,104.366,2,20,5380
2025-05-31 09:00:00,Header,0.0736,0.0609,-0.1109,-0.1609,150.051,3,20,3580
2025-05-31 12:00:00,Header,-0.24054,0.02562,-0.07562,-0.12562,1,0,0,10800
2025-05-31 15:00:00,Header,-0.2678,0.02562,-0.07562,-0.12562,1,0,0,10800
2025-05-31 18:00:00,Header,0.00051,-0.07578,0.02578,-0.02422,100.344,2,20,5380
2025-05-31 21:00:00,Header,0.06771,-0.07578,0.02578,-0.02422,146.04,3,20,3580
2025-06-01 00:00:00,Header,0.02059,-0.00822,-0.04178,-0.09178,114.001,2,20,5380
2025-06-01 03:00:00,Header,0.07032,-0.00822,-0.04178,-0.09178,147.821,3,20,3580
2025-06-01 06:00:00,Header,-0.01633,0.04596,-0.09596,-0.14596,88.8933,2,20,5380
2025-06-01 09:00:00,Header,0.06427,0.04596,-0.09596,-0.14596,143.707,3,20,3580
2025-06-01 12:00:00,Header,-0.27348,0.012,-0.062,-0.112,1,0,0,10800
2025-06-01 15:00:00,Header,-0.25145,0.012,-0.062,-0.112,1,0,0,10800
2025-06-01 18:00:00,Header,-0.03554,-0.08911,0.03911,-0.01089,75.8358,2,20,5380
2025-06-01 21:00:00,Header,0.04471,-0.08911,0.03911,-0.01089,130.405,3,20,3580
2025-06-02 00:00:00,Header,0.00558,-0.02977,-0.02023,-0.07023,103.795,2,20,5380
2025-06-02 03:00:00,Header,0.05963,-0.02977,-0.02023,-0.07023,140.547,3,20,3580
2025-06-02 06:00:00,Header,0.03072,0.04596,-0.09596,-0.14596,120.89,2,20,5380
2025-06-02 09:00:00,Header,0.08646,0.04596,-0.09596,-0.14596,158.794,3,20,3580
2025-06-02 12:00:00,Header,-0.26547,0.01914,-0.06914,-0.11914,1,0,0,10800
2025-06-02 15:00:00,Header,-0.24001,0.01914,-0.06914,-0.11914,1,0,0,10800
2025-06-02 18:00:00,Follower,-0.00747,-0.10446,0.05446,0.00446,1,0,0,10800
2025-06-02 21:00:00,Follower,0.10189,-0.10446,0.05446,0.00446,1,0,0,10800
2025-06-03 00:00:00,Header,0.13462,-0.03147,-0.01853,-0.06853,191.542,4,20,2680
2025-06-03 03:00:00,Header,0.06536,-0.03147,-0.01853,-0.06853,144.448,3,20,3580
2025-06-03 06:00:00,Header,0.0666,0.07061,-0.12061,-0.17061,145.286,3,20,3580
2025-06-03 09:00:00,Header,0.03941,0.07061,-0.12061,-0.17061,126.798,3,20,3580
2025-06-03 12:00:00,Header,-0.28458,0.02375,-0.07375,-0.12375,1,0,0,10800
2025-06-03 15:00:00,Header,-0.39098,0.02375,-0.07375,-0.12375,1,0,0,10800
2025-06-03 18:00:00,Follower,-0.06788,-0.11032,0.06032,0.01032,1,0,0,10800
2025-06-03 21:00:00,Header,0.0524,-0.09863,0.04863,-0.00137,135.629,3,20,3580
2025-06-04 00:00:00,Header,0.04358,-0.09863,0.04863,-0.00137,129.634,3,20,3580
2025-06-04 03:00:00,Header,-0.00868,0.05218,-0.10218,-0.15218,94.0989,2,20,5380
2025-06-04 06:00:00,Header,0.06012,0.05218,-0.10218,-0.15218,140.884,3,20,3580
2025-06-04 09:00:00,Header,0.02936,0.05218,-0.10218,-0.15218,119.966,2,20,5380
2025-06-04 12:00:00,Header,-0.31509,0.04377,-0.09377,-0.14377,1,0,0,10800
2025-06-04 15:00:00,Header,-0.29311,-0.06666,0.01666,-0.03334,1,0,0,10800
2025-06-04 18:00:00,Header,-0.06573,-0.06666,0.01666,-0.03334,55.3067,1,20,10780
2025-06-04 21:00:00,Follower,0.06396,-0.14191,0.09191,0.04191,1,0,0,10800
2025-06-05 00:00:00,Follower,0.13269,-0.14191,0.09191,0.04191,1,0,0,10800
2025-06-05 03:00:00,Header,0.13078,0.04119,-0.09119,-0.14119,188.931,4,20,2680
2025-06-05 06:00:00,Header,0.05048,0.04119,-0.09119,-0.14119,134.323,3,20,3580
2025-06-05 09:00:00,Header,0.02417,0.08614,-0.13614,-0.18614,116.434,2,20,5380
2025-06-05 12:00:00,Header,-0.29008,0.08614,-0.13614,-0.18614,1,0,0,10800
2025-06-05 15:00:00,Header,-0.35947,0.00198,-0.05198,-0.10198,1,0,0,10800
2025-06-05 18:00:00,Follower,-0.0526,-0.10833,0.05833,0.00833,1,0,0,10800
2025-06-05 21:00:00,Follower,0.0745,-0.10833,0.05833,0.00833,1,0,0,10800
2025-06-06 00:00:00,Header,0.11466,0.0293,-0.0793,-0.1293,177.967,4,20,2680
2025-06-06 03:00:00,Header,0.08982,0.0293,-0.0793,-0.1293,161.078,3,20,3580
2025-06-06 06:00:00,Header,0.05675,0.0293,-0.0793,-0.1293,138.588,3,20,3580
2025-06-06 09:00:00,Header,0.05314,0.08792,-0.13792,-0.18792,136.134,3,20,3580
2025-06-06 12:00:00,Header,-0.29717,0.08792,-0.13792,-0.18792,1,0,0,10800
2025-06-06 15:00:00,Header,-0.30084,0.02711,-0.07711,-0.12711,1,0,0,10800
2025-06-06 18:00:00,Header,-0.00153,-0.09096,0.04096,-0.00904,98.9608,2,20,5380
2025-06-06 21:00:00,Header,0.07262,-0.09096,0.04096,-0.00904,149.38,3,20,3580
2025-06-07 00:00:00,Header,0.05454,-0.00123,-0.04877,-0.09877,137.087,3,20,3580
2025-06-07 03:00:00,Header,0.03284,-0.00123,-0.04877,-0.09877,122.332,2,20,5380
2025-06-07 06:00:00,Header,0.11057,0.0591,-0.1091,-0.1591,175.189,4,20,2680
2025-06-07 09:00:00,Header,0.05461,0.0591,-0.1091,-0.1591,137.134,3,20,3580
2025-06-07 12:00:00,Header,-0.28659,0.03083,-0.08083,-0.13083,1,0,0,10800
2025-06-07 15:00:00,Header,-0.38455,0.03083,-0.08083,-0.13083,1,0,0,10800
2025-06-07 18:00:00,Follower,-0.03211,-0.10236,0.05236,0.00236,1,0,0,10800
2025-06-07 21:00:00,Header,0.09974,-0.07953,0.02953,-0.02047,167.822,3,20,3580
2025-06-08 00:00:00,Header,0.09763,-0.07953,0.02953,-0.02047,166.385,3,20,3580
2025-06-08 03:00:00,Header,0.09189,-0.07953,0.02953,-0.02047,162.483,3,20,3580
2025-06-08 06:00:00,Header,0.08077,0.0609,-0.1109,-0.1609,154.926,3,20,3580
2025-06-08 09:00:00,Header,0.06389,0.0609,-0.1109,-0.1609,143.443,3,20,3580
2025-06-08 12:00:00,Header,-0.29531,0.0423,-0.0923,-0.1423,1,0,0,10800
2025-06-08 15:00:00,Header,-0.17794,-0.06102,0.01102,-0.03898,1,0,0,10800
2025-06-08 18:00:00,Header,0.05331,-0.06102,0.01102,-0.03898,136.252,3,20,3580
2025-06-08 21:00:00,Header,0.10039,-0.05523,0.00523,-0.04477,168.265,3,20,3580
2025-06-09 00:00:00,Header,0.0594,-0.05523,0.00523,-0.04477,140.395,3,20,3580
2025-06-09 03:00:00,Header,0.06096,0.0609,-0.1109,-0.1609,141.456,3,20,3580
2025-06-09 06:00:00,Header,0.05806,0.0609,-0.1109,-0.1609,139.48,3,20,3580
2025-06-09 09:00:00,Header,0.08005,0.02897,-0.07897,-0.12897,154.431,3,20,3580
2025-06-09 12:00:00,Header,-0.34728,0.02897,-0.07897,-0.12897,1,0,0,10800
2025-06-09 15:00:00,Header,-0.19593,-0.06296,0.01296,-0.03704,1,0,0,10800
2025-06-09 18:00:00,Follower,0.05584,-0.14195,0.09195,0.04195,1,0,0,10800
2025-06-09 21:00:00,Follower,0.13266,-0.14195,0.09195,0.04195,1,0,0,10800
2025-06-10 00:00:00,Header,0.14407,0.02101,-0.07101,-0.12101,197.971,4,20,2680
2025-06-10 03:00:00,Header,0.07346,0.02101,-0.07101,-0.12101,149.954,3,20,3580
2025-06-10 06:00:00,Header,0.05917,0.02101,-0.07101,-0.12101,140.232,3,20,3580
2025-06-10 09:00:00,Header,0.06106,0.03231,-0.08231,-0.13231,141.52,3,20,3580
2025-06-10 12:00:00,Header,-0.32304,-0.03359,-0.01641,-0.06641,1,0,0,10800
2025-06-10 15:00:00,Header,-0.18771,-0.03359,-0.01641,-0.06641,1,0,0,10800
2025-06-10 18:00:00,Follower,0.05491,-0.15204,0.10204,0.05204,1,0,0,10800
2025-06-10 21:00:00,Follower,0.13585,-0.15204,0.10204,0.05204,1,0,0,10800
2025-06-11 00:00:00,Header,0.15617,-0.01012,-0.03988,-0.08988,206.195,4,20,2680
2025-06-11 03:00:00,Header,0.10719,-0.01012,-0.03988,-0.08988,172.888,3,20,3580
2025-06-11 06:00:00,Header,0.07916,0.06416,-0.11416,-0.16416,153.827,3,20,3580
2025-06-11 09:00:00,Header,0.0785,0.06416,-0.11416,-0.16416,153.377,3,20,3580
2025-06-11 12:00:00,Header,-0.3006,0.0151,-0.0651,-0.1151,1,0,0,10800
2025-06-11 15:00:00,Header,-0.17049,0.0151,-0.0651,-0.1151,1,0,0,10800
2025-06-11 18:00:00,Follower,0.0588,-0.13189,0.08189,0.03189,1,0,0,10800
2025-06-11 21:00:00,Follower,0.11974,-0.13189,0.08189,0.03189,1,0,0,10800
2025-06-12 00:00:00,Header,0.15626,-0.0066,-0.0434,-0.0934,206.26,4,20,2680
2025-06-12 03:00:00,Header,0.10864,-0.0066,-0.0434,-0.0934,173.875,3,20,3580
2025-06-12 06:00:00,Header,0.06992,0.06559,-0.11559,-0.16559,147.543,3,20,3580
2025-06-12 09:00:00,Header,0.06177,0.06559,-0.11559,-0.16559,142,3,20,3580
2025-06-12 12:00:00,Header,-0.30473,0.02068,-0.07068,-0.12068,1,0,0,10800
2025-06-12 15:00:00,Follower,-0.15557,-0.12797,0.07797,0.02797,1,0,0,10800
2025-06-12 18:00:00,Follower,0.02366,-0.12797,0.07797,0.02797,1,0,0,10800
2025-06-12 21:00:00,Follower,0.10717,-0.11607,0.06607,0.01607,1,0,0,10800
2025-06-13 00:00:00,Follower,0.1664,-0.11607,0.06607,0.01607,1,0,0,10800
2025-06-13 03:00:00,Header,0.17324,0.04927,-0.09927,-0.14927,217.806,4,20,2680
2025-06-13 06:00:00,Header,0.10619,0.04927,-0.09927,-0.14927,172.21,3,20,3580
2025-06-13 09:00:00,Header,0.0685,0.06195,-0.11195,-0.16195,146.578,3,20,3580
2025-06-13 12:00:00,Header,-0.34358,0.06195,-0.11195,-0.16195,1,0,0,10800
2025-06-13 15:00:00,Header,-0.17387,-0.05927,0.00927,-0.04073,1,0,0,10800
2025-06-13 18:00:00,Follower,0.03045,-0.15405,0.10405,0.05405,1,0,0,10800
2025-06-13 21:00:00,Follower,0.12238,-0.15405,0.10405,0.05405,1,0,0,10800
2025-06-14 00:00:00,Header,0.15387,0.02438,-0.07438,-0.12438,204.631,4,20,2680
2025-06-14 03:00:00,Header,0.08926,0.02438,-0.07438,-0.12438,160.699,3,20,3580
2025-06-14 06:00:00,Header,0.08983,0.02438,-0.07438,-0.12438,161.081,3,20,3580
2025-06-14 09:00:00,Header,0.07572,0.0688,-0.1188,-0.1688,151.487,3,20,3580
2025-06-14 12:00:00,Header,-0.31637,-0.00525,-0.04475,-0.09475,1,0,0,10800
2025-06-14 15:00:00,Header,-0.17571,-0.00525,-0.04475,-0.09475,1,0,0,10800
2025-06-14 18:00:00,Follower,0.03457,-0.16845,0.11845,0.06845,1,0,0,10800
2025-06-14 21:00:00,Follower,0.12324,-0.16845,0.11845,0.06845,1,0,0,10800
2025-06-15 00:00:00,Header,0.1592,-0.01362,-0.03638,-0.08638,208.257,4,20,2680
2025-06-15 03:00:00,Header,0.12155,-0.01362,-0.03638,-0.08638,182.655,4,20,2680
2025-06-15 06:00:00,Header,0.04608,0.07061,-0.12061,-0.17061,131.338,3,20,3580
2025-06-15 09:00:00,Header,0.0628,0.07061,-0.12061,-0.17061,142.705,3,20,3580
2025-06-15 12:00:00,Header,-0.32297,0.02221,-0.07221,-0.12221,1,0,0,10800
2025-06-15 15:00:00,Follower,-0.10041,-0.11228,0.06228,0.01228,1,0,0,10800
2025-06-15 18:00:00,Follower,0.07323,-0.11228,0.06228,0.01228,1,0,0,10800
2025-06-15 21:00:00,Follower,0.15664,-0.11221,0.06221,0.01221,1,0,0,10800
2025-06-16 00:00:00,Follower,0.20439,-0.11221,0.06221,0.01221,1,0,0,10800
2025-06-16 03:00:00,Header,0.21113,0.05583,-0.10583,-0.15583,243.568,5,20,2140
2025-06-16 06:00:00,Header,0.09385,0.05583,-0.10583,-0.15583,163.816,3,20,3580
2025-06-16 09:00:00,Header,0.11533,0.05583,-0.10583,-0.15583,178.426,4,20,2680
2025-06-16 12:00:00,Header,-0.32934,0.05872,-0.10872,-0.15872,1,0,0,10800
2025-06-16 15:00:00,Header,-0.15204,-0.07219,0.02219,-0.02781,1,0,0,10800
2025-06-16 18:00:00,Follower,0.0818,-0.14191,0.09191,0.04191,1,0,0,10800
2025-06-16 21:00:00,Follower,0.17693,-0.14191,0.09191,0.04191,1,0,0,10800
2025-06-17 00:00:00,Follower,0.22738,-0.14191,0.09191,0.04191,1,0,0,10800
2025-06-17 03:00:00,Header,0.23334,0.05621,-0.10621,-0.15621,258.671,5,20,2140
2025-06-17 06:00:00,Header,0.12039,0.05621,-0.10621,-0.15621,181.864,4,20,2680
2025-06-17 09:00:00,Header,0.11145,0.07342,-0.12342,-0.17342,175.784,4,20,2680
2025-06-17 12:00:00,Header,0.07562,0.07342,-0.12342,-0.17342,151.422,3,20,3580
2025-06-17 15:00:00,Header,-0.32912,-0.02811,-0.02189,-0.07189,1,0,0,10800
2025-06-17 18:00:00,Follower,-0.01783,-0.1561,0.1061,0.0561,1,0,0,10800
2025-06-17 21:00:00,Follower,0.1249,-0.1561,0.1061,0.0561,1,0,0,10800
2025-06-18 00:00:00,Header,0.18133,-0.02073,-0.02927,-0.07927,223.307,4,20,2680
2025-06-18 03:00:00,Header,0.11092,-0.02073,-0.02927,-0.07927,175.426,4,20,2680
2025-06-18 06:00:00,Header,0.09395,-0.02073,-0.02927,-0.07927,163.888,3,20,3580
2025-06-18 09:00:00,Header,0.08077,0.04083,-0.09083,-0.14083,154.921,3,20,3580
2025-06-18 12:00:00,Header,-0.29327,-0.02477,-0.02523,-0.07523,1,0,0,10800
2025-06-18 15:00:00,Header,-0.1054,-0.02477,-0.02523,-0.07523,28.3275,1,20,10780
2025-06-18 18:00:00,Follower,0.09071,-0.15,0.1,0.05,1,0,0,10800
2025-06-18 21:00:00,Follower,0.16981,-0.15,0.1,0.05,1,0,0,10800
2025-06-19 00:00:00,Header,0.19724,-0.02073,-0.02927,-0.07927,234.124,5,20,2140
2025-06-19 03:00:00,Header,0.10164,-0.02073,-0.02927,-0.07927,169.115,3,20,3580
2025-06-19 06:00:00,Header,0.10767,0.05293,-0.10293,-0.15293,173.212,3,20,3580
2025-06-19 09:00:00,Header,0.10217,0.05293,-0.10293,-0.15293,169.476,3,20,3580
2025-06-19 12:00:00,Header,-0.30346,-0.00017,-0.04983,-0.09983,1,0,0,10800
2025-06-19 15:00:00,Follower,-0.09424,-0.13969,0.08969,0.03969,1,0,0,10800
2025-06-19 18:00:00,Follower,0.08323,-0.13969,0.08969,0.03969,1,0,0,10800
2025-06-19 21:00:00,Header,0.15766,-0.08491,0.03491,-0.01509,207.207,4,20,2680
2025-06-20 00:00:00,Header,0.11946,-0.08491,0.03491,-0.01509,181.23,4,20,2680
2025-06-20 03:00:00,Header,0.03626,0.05293,-0.10293,-0.15293,124.658,2,20,5380
2025-06-20 06:00:00,Header,0.12533,0.05293,-0.10293,-0.15293,185.224,4,20,2680
2025-06-20 09:00:00,Header,0.06653,0.03083,-0.08083,-0.13083,145.242,3,20,3580
2025-06-20 12:00:00,Header,-0.36551,0.03083,-0.08083,-0.13083,1,0,0,10800
2025-06-20 15:00:00,Header,-0.10993,-0.04444,-0.00556,-0.05556,25.2482,1,20,10780
2025-06-20 18:00:00,Follower,0.08998,-0.13189,0.08189,0.03189,1,0,0,10800
2025-06-20 21:00:00,Follower,0.17123,-0.13189,0.08189,0.03189,1,0,0,10800
2025-06-21 00:00:00,Header,0.19568,0.01789,-0.06789,-0.11789,233.064,5,20,2140
2025-06-21 03:00:00,Header,0.09963,0.01789,-0.06789,-0.11789,167.748,3,20,3580
2025-06-21 06:00:00,Header,0.06951,0.0591,-0.1091,-0.1591,147.27,3,20,3580
2025-06-21 09:00:00,Header,0.1047,0.0591,-0.1091,-0.1591,171.195,3,20,3580
2025-06-21 12:00:00,Header,-0.2754,0.00889,-0.05889,-0.10889,1,0,0,10800
2025-06-21 15:00:00,Header,-0.16188,0.00889,-0.05889,-0.10889,1,0,0,10800
2025-06-21 18:00:00,Follower,0.08481,-0.11599,0.06599,0.01599,1,0,0,10800
2025-06-21 21:00:00,Follower,0.17331,-0.11599,0.06599,0.01599,1,0,0,10800
2025-06-22 00:00:00,Header,0.19332,-0.01147,-0.03853,-0.08853,231.459,5,20,2140
2025-06-22 03:00:00,Header,0.14712,-0.01147,-0.03853,-0.08853,200.041,4,20,2680
2025-06-22 06:00:00,Header,0.07708,0.05293,-0.10293,-0.15293,152.413,3,20,3580
2025-06-22 09:00:00,Header,0.07763,0.05293,-0.10293,-0.15293,152.788,3,20,3580
2025-06-22 12:00:00,Header,-0.30216,0.01045,-0.06045,-0.11045,1,0,0,10800
2025-06-22 15:00:00,Header,-0.12268,-0.09488,0.04488,-0.00512,16.5808,0,0,10800
2025-06-22 18:00:00,Header,0.0907,-0.09488,0.04488,-0.00512,161.675,3,20,3580
2025-06-22 21:00:00,Header,0.09198,-0.06069,0.01069,-0.03931,162.547,3,20,3580
2025-06-23 00:00:00,Header,0.06319,-0.06069,0.01069,-0.03931,142.968,3,20,3580
2025-06-23 03:00:00,Header,0.05431,0.03634,-0.08634,-0.13634,136.933,3,20,3580
2025-06-23 06:00:00,Header,0.06533,0.03634,-0.08634,-0.13634,144.426,3,20,3580
2025-06-23 09:00:00,Header,0.08825,0.01231,-0.06231,-0.11231,160.008,3,20,3580
2025-06-23 12:00:00,Header,-0.2992,0.01231,-0.06231,-0.11231,1,0,0,10800
2025-06-23 15:00:00,Header,-0.18481,-0.03868,-0.01132,-0.06132,1,0,0,10800
2025-06-23 18:00:00,Follower,0.07863,-0.14796,0.09796,0.04796,1,0,0,10800
2025-06-23 21:00:00,Follower,0.17172,-0.14796,0.09796,0.04796,1,0,0,10800
2025-06-24 00:00:00,Header,0.16231,0.01789,-0.06789,-0.11789,210.374,4,20,2680
2025-06-24 03:00:00,Header,0.07989,0.01789,-0.06789,-0.11789,154.324,3,20,3580
2025-06-24 06:00:00,Header,0.06844,0.04413,-0.09413,-0.14413,146.537,3,20,3580
2025-06-24 09:00:00,Header,0.08117,0.04413,-0.09413,-0.14413,155.192,3,20,3580
2025-06-24 12:00:00,Header,-0.36687,-0.01553,-0.03447,-0.08447,1,0,0,10800
2025-06-24 15:00:00,Follower,-0.12364,-0.1643,0.1143,0.0643,1,0,0,10800
2025-06-24 18:00:00,Follower,0.07345,-0.1643,0.1143,0.0643,1,0,0,10800
2025-06-24 21:00:00,Header,0.14101,-0.04595,-0.00405,-0.05405,195.889,4,20,2680
2025-06-25 00:00:00,Header,0.0429,-0.04595,-0.00405,-0.05405,129.175,3,20,3580
2025-06-25 03:00:00,Header,0.02033,0.03083,-0.08083,-0.13083,113.825,2,20,5380
2025-06-25 06:00:00,Header,0.11103,0.03083,-0.08083,-0.13083,175.498,4,20,2680
2025-06-25 09:00:00,Header,0.04884,0.0014,-0.0514,-0.1014,133.211,3,20,3580
2025-06-25 12:00:00,Header,-0.38879,0.0014,-0.0514,-0.1014,1,0,0,10800
2025-06-25 15:00:00,Header,-0.14613,-0.06278,0.01278,-0.03722,1,0,0,10800
2025-06-25 18:00:00,Follower,0.04451,-0.14796,0.09796,0.04796,1,0,0,10800
2025-06-25 21:00:00,Follower,0.16213,-0.14796,0.09796,0.04796,1,0,0,10800
2025-06-26 00:00:00,Header,0.16267,0.02472,-0.07472,-0.12472,210.615,4,20,2680
2025-06-26 03:00:00,Header,0.07665,0.02472,-0.07472,-0.12472,152.125,3,20,3580
2025-06-26 06:00:00,Header,0.04638,0.04119,-0.09119,-0.14119,131.541,3,20,3580
2025-06-26 09:00:00,Header,0.07071,0.04119,-0.09119,-0.14119,148.082,3,20,3580
2025-06-26 12:00:00,Header,-0.43566,-0.02287,-0.02713,-0.07713,1,0,0,10800
2025-06-26 15:00:00,Follower,-0.10603,-0.16017,0.11017,0.06017,1,0,0,10800
2025-06-26 18:00:00,Follower,0.09395,-0.16017,0.11017,0.06017,1,0,0,10800
2025-06-26 21:00:00,Header,0.15914,-0.03505,-0.01495,-0.06495,208.216,4,20,2680
2025-06-27 00:00:00,Header,0.09655,-0.03505,-0.01495,-0.06495,165.651,3,20,3580
2025-06-27 03:00:00,Header,0.02369,0.04781,-0.09781,-0.14781,116.107,2,20,5380
2025-06-27 06:00:00,Header,0.12634,0.04781,-0.09781,-0.14781,185.913,4,20,2680
2025-06-27 09:00:00,Header,0.0203,0.00515,-0.05515,-0.10515,113.803,2,20,5380
2025-06-27 12:00:00,Header,-0.36239,0.00515,-0.05515,-0.10515,1,0,0,10800
2025-06-27 15:00:00,Header,-0.12986,-0.06619,0.01619,-0.03381,11.695,0,0,10800
2025-06-27 18:00:00,Follower,0.10373,-0.12785,0.07785,0.02785,1,0,0,10800
2025-06-27 21:00:00,Follower,0.17149,-0.12785,0.07785,0.02785,1,0,0,10800
2025-06-28 00:00:00,Header,0.16817,0.02472,-0.07472,-0.12472,214.358,4,20,2680
2025-06-28 03:00:00,Header,0.09586,0.02472,-0.07472,-0.12472,165.185,3,20,3580
2025-06-28 06:00:00,Header,0.04096,0.02744,-0.07744,-0.12744,127.854,3,20,3580
2025-06-28 09:00:00,Header,0.06182,0.02744,-0.07744,-0.12744,142.035,3,20,3580
2025-06-28 12:00:00,Header,-0.37292,-0.02452,-0.02548,-0.07548,1,0,0,10800
2025-06-28 15:00:00,Follower,-0.12334,-0.14394,0.09394,0.04394,1,0,0,10800
2025-06-28 18:00:00,Follower,0.09382,-0.14394,0.09394,0.04394,1,0,0,10800
2025-06-28 21:00:00,Header,0.18663,-0.02406,-0.02594,-0.07594,226.911,5,20,2140
2025-06-29 00:00:00,Header,0.02603,-0.02406,-0.02594,-0.07594,117.698,2,20,5380
2025-06-29 03:00:00,Header,0.08169,0.03449,-0.08449,-0.13449,155.546,3,20,3580
2025-06-29 06:00:00,Header,0.04093,0.03449,-0.08449,-0.13449,127.834,3,20,3580
2025-06-29 09:00:00,Header,0.05993,-0.00178,-0.04822,-0.09822,140.751,3,20,3580
2025-06-29 12:00:00,Header,-0.39368,-0.00178,-0.04822,-0.09822,1,0,0,10800
2025-06-29 15:00:00,Header,-0.13801,-0.06652,0.01652,-0.03348,6.15194,0,0,10800
2025-06-29 18:00:00,Follower,0.09166,-0.14796,0.09796,0.04796,1,0,0,10800
2025-06-29 21:00:00,Follower,0.15874,-0.14796,0.09796,0.04796,1,0,0,10800
2025-06-30 00:00:00,Header,0.16341,-0.0066,-0.0434,-0.0934,211.119,4,20,2680
2025-06-30 03:00:00,Header,0.04708,-0.0066,-0.0434,-0.0934,132.012,3,20,3580
2025-06-30 06:00:00,Header,0.014,0.03449,-0.08449,-0.13449,109.522,2,20,5380
2025-06-30 09:00:00,Header,0.08837,0.03449,-0.08449,-0.13449,160.092,3,20,3580
2025-06-30 12:00:00,Header,0.05049,-0.01414,-0.03586,-0.08586,134.333,3,20,3580
2025-06-30 15:00:00,Follower,-0.73052,-0.11032,0.06032,0.01032,1,0,0,10800
2025-06-30 18:00:00,Follower,-0.20644,-0.34024,0.29024,0.24024,1,0,0,10800
2025-06-30 21:00:00,Follower,-0.11406,-0.12601,0.07601,0.02601,1,0,0,10800
2025-07-01 00:00:00,Header,0.00064,0.06195,-0.11195,-0.16195,100.438,2,20,5380
2025-07-01 03:00:00,Header,0.07392,0.06195,-0.11195,-0.16195,150.264,3,20,3580
2025-07-01 06:00:00,Header,-0.02868,0.12497,-0.17497,-0.22497,80.4945,2,20,5380
2025-07-01 09:00:00,Header,-0.00839,0.12497,-0.17497,-0.22497,94.2977,2,20,5380
2025-07-01 12:00:00,Header,0.06293,0.04709,-0.09709,-0.14709,142.79,3,20,3580
2025-07-01 15:00:00,Header,0.01468,0.04709,-0.09709,-0.14709,109.983,2,20,5380
2025-07-01 18:00:00,Header,-0.00134,-0.01251,-0.03749,-0.08749,99.0855,2,20,5380
2025-07-01 21:00:00,Header,0.03111,-0.03761,-0.01239,-0.06239,121.157,2,20,5380
2025-07-02 00:00:00,Header,0.09523,-0.03761,-0.01239,-0.06239,164.753,3,20,3580
2025-07-02 03:00:00,Header,0.03318,-0.00422,-0.04578,-0.09578,122.559,2,20,5380
2025-07-02 06:00:00,Header,0.10222,-0.00422,-0.04578,-0.09578,169.508,3,20,3580
2025-07-02 09:00:00,Header,0.05799,0.00984,-0.05984,-0.10984,139.432,3,20,3580
2025-07-02 12:00:00,Header,-0.05014,0.00984,-0.05984,-0.10984,65.9023,1,20,10780
2025-07-02 15:00:00,Header,-0.71343,-0.03551,-0.01449,-0.06449,1,0,0,10800
2025-07-02 18:00:00,Follower,-0.17935,-0.19763,0.14763,0.09763,1,0,0,10800
2025-07-02 21:00:00,Follower,-0.02356,-0.22112,0.17112,0.12112,1,0,0,10800
2025-07-03 00:00:00,Header,0.06818,0.00828,-0.05828,-0.10828,146.359,3,20,3580
2025-07-03 03:00:00,Header,0.02475,0.00828,-0.05828,-0.10828,116.829,2,20,5380
2025-07-03 06:00:00,Header,0.02843,0.09823,-0.14823,-0.19823,119.334,2,20,5380
2025-07-03 09:00:00,Header,0.06327,0.09823,-0.14823,-0.19823,143.02,3,20,3580
2025-07-03 12:00:00,Header,0.02684,0.05654,-0.10654,-0.15654,118.253,2,20,5380
2025-07-03 15:00:00,Header,0.04805,-0.00048,-0.04952,-0.09952,132.675,2,20,5380
2025-07-03 18:00:00,Header,0.11183,-0.00048,-0.04952,-0.09952,176.044,3,20,3580
2025-07-03 21:00:00,Header,0.07006,-0.03573,-0.01427,-0.06427,147.641,3,20,3580
2025-07-04 00:00:00,Header,0.05787,-0.03573,-0.01427,-0.06427,139.355,3,20,3580
2025-07-04 03:00:00,Header,0.05506,-0.04656,-0.00344,-0.05344,137.443,3,20,3580
2025-07-04 06:00:00,Header,0.05718,-0.04656,-0.00344,-0.05344,138.884,3,20,3580
2025-07-04 09:00:00,Header,0.072,-0.06121,0.01121,-0.03879,148.958,3,20,3580
2025-07-04 12:00:00,Header,-0.46901,-0.06121,0.01121,-0.03879,1,0,0,10800
2025-07-04 15:00:00,Header,-0.46367,-0.09822,0.04822,-0.00178,1,0,0,10800
2025-07-04 18:00:00,Follower,-0.10728,-0.30068,0.25068,0.20068,1,0,0,10800
2025-07-04 21:00:00,Follower,-0.0124,-0.17458,0.12458,0.07458,1,0,0,10800
2025-07-05 00:00:00,Header,0.06155,0.04709,-0.09709,-0.14709,141.851,3,20,3580
2025-07-05 03:00:00,Header,0.01885,0.04709,-0.09709,-0.14709,112.816,2,20,5380
2025-07-05 06:00:00,Header,0.04254,0.10178,-0.15178,-0.20178,128.927,2,20,5380
2025-07-05 09:00:00,Header,0.0334,0.10178,-0.15178,-0.20178,122.71,2,20,5380
2025-07-05 12:00:00,Header,0.05926,0.05689,-0.10689,-0.15689,140.299,3,20,3580
2025-07-05 15:00:00,Header,-0.01936,0.05689,-0.10689,-0.15689,86.8348,2,20,5380
2025-07-05 18:00:00,Header,0.08544,0.00485,-0.05485,-0.10485,158.099,3,20,3580
2025-07-05 21:00:00,Header,0.02042,0.00485,-0.05485,-0.10485,113.882,2,20,5380
2025-07-06 00:00:00,Header,0.07882,-0.02147,-0.02853,-0.07853,153.596,3,20,3580
2025-07-06 03:00:00,Header,0.05478,-0.02147,-0.02853,-0.07853,137.252,3,20,3580
2025-07-06 06:00:00,Header,0.03446,-0.03573,-0.01427,-0.06427,123.435,2,20,5380
2025-07-06 09:00:00,Header,0.12537,-0.041,-0.009,-0.059,185.252,3,20,3580
2025-07-06 12:00:00,Header,-0.4706,-0.041,-0.009,-0.059,1,0,0,10800
2025-07-06 15:00:00,Follower,-0.29911,-0.28174,0.23174,0.18174,1,0,0,10800
2025-07-06 18:00:00,Follower,-0.08519,-0.28174,0.23174,0.18174,1,0,0,10800
2025-07-06 21:00:00,Follower,0.01014,-0.14796,0.09796,0.04796,1,0,0,10800
2025-07-07 00:00:00,Header,0.06432,0.05727,-0.10727,-0.15727,143.734,3,20,3580
2025-07-07 03:00:00,Header,-0.01767,0.05727,-0.10727,-0.15727,87.9825,2,20,5380
2025-07-07 06:00:00,Header,0.01609,0.09866,-0.14866,-0.19866,110.94,2,20,5380
2025-07-07 09:00:00,Header,0.02181,0.09866,-0.14866,-0.19866,114.83,2,20,5380
2025-07-07 12:00:00,Header,0.03208,0.04377,-0.09377,-0.14377,121.817,2,20,5380
2025-07-07 15:00:00,Header,0.02157,0.04377,-0.09377,-0.14377,114.671,2,20,5380
2025-07-07 18:00:00,Header,0.14637,-0.01605,-0.03395,-0.08395,199.531,4,20,2680
2025-07-07 21:00:00,Header,0.01937,-0.01605,-0.03395,-0.08395,113.174,2,20,5380
2025-07-08 00:00:00,Header,0.07375,-0.01958,-0.03042,-0.08042,150.152,3,20,3580
2025-07-08 03:00:00,Header,0.05986,-0.01958,-0.03042,-0.08042,140.703,3,20,3580
2025-07-08 06:00:00,Header,0.04519,-0.03214,-0.01786,-0.06786,130.726,2,20,5380
2025-07-08 09:00:00,Header,0.10669,-0.03932,-0.01068,-0.06068,172.547,3,20,3580
2025-07-08 12:00:00,Header,-0.39454,-0.03932,-0.01068,-0.06068,1,0,0,10800
2025-07-08 15:00:00,Header,-0.40484,-0.07578,0.02578,-0.02422,1,0,0,10800
2025-07-08 18:00:00,Follower,-0.06953,-0.26564,0.21564,0.16564,1,0,0,10800
2025-07-08 21:00:00,Header,0.02549,-0.09674,0.04674,-0.00326,117.331,2,20,5380
2025-07-09 00:00:00,Header,0.07995,-0.09674,0.04674,-0.00326,154.364,3,20,3580
2025-07-09 03:00:00,Header,-0.04304,0.05872,-0.10872,-0.15872,70.7312,1,20,10780
2025-07-09 06:00:00,Header,0.09486,0.05872,-0.10872,-0.15872,164.503,3,20,3580
2025-07-09 09:00:00,Header,0.03815,0.04891,-0.09891,-0.14891,125.943,2,20,5380
2025-07-09 12:00:00,Header,0.05593,0.04891,-0.09891,-0.14891,138.031,3,20,3580
2025-07-09 15:00:00,Header,0.02946,0.00672,-0.05672,-0.10672,120.036,2,20,5380
2025-07-09 18:00:00,Header,0.08644,0.00672,-0.05672,-0.10672,158.778,3,20,3580
2025-07-09 21:00:00,Header,0.09611,-0.02857,-0.02143,-0.07143,165.353,3,20,3580
2025-07-10 00:00:00,Header,0.05193,-0.02857,-0.02143,-0.07143,135.315,3,20,3580
2025-07-10 03:00:00,Header,0.06482,-0.02667,-0.02333,-0.07333,144.08,3,20,3580
2025-07-10 06:00:00,Header,0.02397,-0.03381,-0.01619,-0.06619,116.298,2,20,5380
2025-07-10 09:00:00,Header,0.13121,-0.03381,-0.01619,-0.06619,189.221,4,20,2680
2025-07-10 12:00:00,Header,0.10672,-0.04656,-0.00344,-0.05344,172.57,3,20,3580
2025-07-10 15:00:00,Header,0.36878,-0.04656,-0.00344,-0.05344,350.773,6,20,1780
2025-07-10 18:00:00,Header,0.44208,-0.04656,-0.00344,-0.05344,400,6,20,1780
2025-07-10 21:00:00,Header,0.46529,-0.04656,-0.00344,-0.05344,400,6,20,1780
2025-07-11 00:00:00,Header,0.48217,-0.04656,-0.00344,-0.05344,400,6,20,1780
2025-07-11 03:00:00,Header,0.48746,-0.04656,-0.00344,-0.05344,400,6,20,1780
2025-07-11 06:00:00,Header,0.48747,-0.04656,-0.00344,-0.05344,400,6,20,1780
2025-07-11 09:00:00,Header,0.48747,-0.04656,-0.00344,-0.05344,400,6,20,1780
2025-07-11 12:00:00,Header,0.48748,-0.04656,-0.00344,-0.05344,400,6,20,1780
2025-07-11 15:00:00,Header,0.48749,-0.04656,-0.00344,-0.05344,400,6,20,1780
2025-07-11 18:00:00,Header,0.4875,-0.04656,-0.00344,-0.05344,400,6,20,1780
2025-07-11 21:00:00,Header,0.48751,-0.04656,-0.00344,-0.05344,400,6,20,1780
2025-07-12 00:00:00,Header,0.48752,-0.04656,-0.00344,-0.05344,400,6,20,1780
2025-07-12 03:00:00,Header,0.48753,-0.04656,-0.00344,-0.05344,400,6,20,1780
2025-07-12 06:00:00,Header,0.48754,-0.04656,-0.00344,-0.05344,400,6,20,1780
2025-07-12 09:00:00,Header,0.48755,-0.04656,-0.00344,-0.05344,400,6,20,1780
2025-07-12 12:00:00,Header,0.48755,-0.04656,-0.00344,-0.05344,400,6,20,1780
2025-07-12 15:00:00,Header,0.48755,-0.04656,-0.00344,-0.05344,400,6,20,1780
2025-07-12 18:00:00,Header,0.48755,-0.04656,-0.00344,-0.05344,400,6,20,1780
2025-07-12 21:00:00,Header,0.48755,-0.04656,-0.00344,-0.05344,400,6,20,1780
2025-07-13 00:00:00,Header,0.48755,-0.04656,-0.00344,-0.05344,400,6,20,1780
2025-07-13 03:00:00,Header,0.48755,-0.04656,-0.00344,-0.05344,400,6,20,1780
2025-07-13 06:00:00,Header,0.48755,-0.04656,-0.00344,-0.05344,400,6,20,1780
2025-07-13 09:00:00,Header,0.48755,-0.04656,-0.00344,-0.05344,400,6,20,1780
2025-07-13 12:00:00,Header,0.48755,-0.04656,-0.00344,-0.05344,400,6,20,1780
2025-07-13 15:00:00,Header,0.48755,-0.04656,-0.00344,-0.05344,400,6,20,1780
2025-07-13 18:00:00,Header,0.48755,-0.04656,-0.00344,-0.05344,400,6,20,1780
2025-07-13 21:00:00,Header,0.48755,-0.04656,-0.00344,-0.05344,400,6,20,1780
2025-07-14 00:00:00,Header,0.48755,-0.04656,-0.00344,-0.05344,400,6,20,1780
2025-07-14 03:00:00,Header,0.48755,-0.04656,-0.00344,-0.05344,400,6,20,1780
2025-07-14 06:00:00,Header,0.48755,-0.04656,-0.00344,-0.05344,400,6,20,1780
2025-07-14 09:00:00,Header,0.48755,-0.04656,-0.00344,-0.05344,400,6,20,1780
2025-07-14 12:00:00,Header,0.48755,-0.04656,-0.00344,-0.05344,400,6,20,1780
